{"start_energy": -1078.4891357421875, "end_energy": -1078.4892578125}