{"start_energy": -1112.9080130112613, "end_energy": -1112.9319450396713}