{"start_energy": -1081.348876953125, "end_energy": -1081.3099365234375}