{"start_energy": -1118.8880768019646, "end_energy": -1118.7622546217299}