{"start_energy": -1124.352723918669, "end_energy": -1124.4829800868288}