{"start_energy": -1141.3411566074828, "end_energy": -1141.1848291827334}