{"start_energy": -1115.9854849846686, "end_energy": -1115.950917573798}