{"start_energy": -1100.22705078125, "end_energy": -1100.2239990234375}