{"start_energy": -1121.780028020448, "end_energy": -1121.6622320732583}