{"start_energy": -1100.95849609375, "end_energy": -1101.075439453125}