{"start_energy": -1113.0604180854816, "end_energy": -1113.104623851682}