{"start_energy": -1119.8287353515625, "end_energy": -1119.78466796875}