{"start_energy": -1094.2347412109375, "end_energy": -1094.3553466796875}