{"start_energy": -1141.599609375, "end_energy": -1141.5364990234375}