{"start_energy": -1127.0033535446048, "end_energy": -1127.2659848167757}