{"start_energy": -1137.8623137322768, "end_energy": -1120.0021532094413}