{"start_energy": -1099.417724609375, "end_energy": -1099.3388671875}