{"start_energy": -1089.904052734375, "end_energy": -1089.8580322265625}