{"start_energy": -1081.365478515625, "end_energy": -1081.3905029296875}