{"start_energy": -1135.4663700887209, "end_energy": -1119.9354851444555}