{"start_energy": -1117.7373046875, "end_energy": -1117.80224609375}