{"start_energy": -1133.5484351144576, "end_energy": -1133.8742781258557}