{"start_energy": -1131.5780482047653, "end_energy": -1114.9566949879866}