{"start_energy": -1121.4129184327637, "end_energy": -1121.2165624575177}