{"start_energy": -1117.74169921875, "end_energy": -1117.5799560546875}