{"start_energy": -1136.2183062307702, "end_energy": -1136.375598613343}