{"start_energy": -1196.815701778152, "end_energy": -1172.6306187078221}