{"start_energy": -1117.5142419455713, "end_energy": -1117.0396088006582}