{"start_energy": -1116.9518838902209, "end_energy": -1117.0762204465627}