{"start_energy": -1115.9229035471978, "end_energy": -1115.34103135208}