{"start_energy": -1122.752949843269, "end_energy": -1122.9115120588808}