{"start_energy": -1130.1898682128594, "end_energy": -1130.0248429868504}