{"start_energy": -1131.6450214161393, "end_energy": -1131.787733284892}