{"start_energy": -1099.8524169921875, "end_energy": -1099.7491455078125}