{"start_energy": -1124.969360514432, "end_energy": -1124.7790897776745}