{"start_energy": -1113.249357619025, "end_energy": -1113.1907385027482}