{"start_energy": -1126.6356219057172, "end_energy": -1126.5284526106125}