{"start_energy": -1119.0468913298214, "end_energy": -1119.2923595737861}