{"start_energy": -1114.130552559431, "end_energy": -1102.8362771354418}