{"start_energy": -1113.3075658144462, "end_energy": -1113.053242512939}