{"start_energy": -1142.839004292986, "end_energy": -1143.2236539381}