{"start_energy": -1116.8447487088608, "end_energy": -1116.700071601256}