{"start_energy": -1129.9983680414039, "end_energy": -1130.0229279294156}