{"start_energy": -1117.8248195666408, "end_energy": -1104.7421028935978}