{"start_energy": -9280.960543324689, "end_energy": -1136.4011650994046}