{"start_energy": -1112.4213170760138, "end_energy": -1102.902524787998}