{"start_energy": -1128.4869384765625, "end_energy": -1128.5460205078125}