{"start_energy": -1132.3764696066432, "end_energy": -1132.772000948608}