{"start_energy": -1101.4959716796875, "end_energy": -1101.4483642578125}