{"start_energy": -1131.0354752880673, "end_energy": -1131.0054567247316}