{"start_energy": -1130.7886962890625, "end_energy": -1130.8043212890625}