{"start_energy": -1120.355224609375, "end_energy": -1120.3870849609375}