{"start_energy": -1148.2360322499192, "end_energy": -1148.7236968776767}