{"start_energy": -1088.800048828125, "end_energy": -1088.9608154296875}