{"start_energy": -1124.0963222782082, "end_energy": -1124.1498555395538}