{"start_energy": -1130.2619642584723, "end_energy": -1130.6592200843263}