{"start_energy": -1128.8256963820766, "end_energy": -1128.7852928395457}