{"start_energy": -1130.3085360225928, "end_energy": -1130.0483482018135}