{"start_energy": -1126.782845610161, "end_energy": -1126.6767386707725}