{"start_energy": -1117.6040947526837, "end_energy": -1116.287176526033}