{"start_energy": -1116.45068359375, "end_energy": -1116.4605712890625}