{"start_energy": -1129.16695246664, "end_energy": -1128.49051731138}