{"start_energy": -1096.96533203125, "end_energy": -1097.0963134765625}