{"start_energy": -1104.431396484375, "end_energy": -1104.495361328125}