{"start_energy": -1072.894775390625, "end_energy": -1072.8531494140625}