{"start_energy": -1130.5783584970343, "end_energy": -1130.6432941001997}