{"start_energy": -1163.8891466915802, "end_energy": -1162.8880742629963}