{"start_energy": -1164.1187706586386, "end_energy": -1163.9157567464026}