{"start_energy": -1081.3519287109375, "end_energy": -1081.39990234375}