{"start_energy": -1134.6073185799116, "end_energy": -1134.4949946075615}