{"start_energy": -1122.466924857797, "end_energy": -1122.1715921914576}