{"start_energy": -1188.7293130733042, "end_energy": -1187.5991260265725}