{"start_energy": -1077.0201416015625, "end_energy": -1077.21142578125}