{"start_energy": -1131.3780288008265, "end_energy": -1130.8826790148164}