{"start_energy": -1132.1961429655278, "end_energy": -1131.4531249556994}