{"start_energy": -1092.1153564453125, "end_energy": -1092.0716552734375}