{"start_energy": -1156.1137934548478, "end_energy": -1140.2921690708843}