{"start_energy": -1122.1902315326915, "end_energy": -1121.492261581916}