{"start_energy": -1116.529872792148, "end_energy": -1103.4900628059047}