{"start_energy": -1116.0009613770944, "end_energy": -1115.941419982664}