{"start_energy": -1123.0007685942662, "end_energy": -1123.318262463573}