{"start_energy": -1118.069182364013, "end_energy": -1118.3553062788135}