{"start_energy": -1129.3920701942181, "end_energy": -1129.2463190563578}