{"start_energy": -1110.1665281583205, "end_energy": -1109.7424442683186}