{"start_energy": -5443.499482383189, "end_energy": -1115.8883932364324}