{"start_energy": -1116.5442509670404, "end_energy": -1116.738023075734}