{"start_energy": -1118.3866774584037, "end_energy": -1106.7817529536808}