{"start_energy": -1118.9563067417141, "end_energy": -1106.7446707702175}