{"start_energy": -1084.57568359375, "end_energy": -1084.3369140625}