{"start_energy": -1096.656982421875, "end_energy": -1096.6593017578125}