{"start_energy": -1115.998446288079, "end_energy": -1102.9844153862255}