{"start_energy": -1126.8509676175186, "end_energy": -1126.7965890747419}