{"start_energy": -1112.9080130112613, "end_energy": -1113.1611178208373}