{"start_energy": -1141.5261600041933, "end_energy": -1141.7583292760628}