{"start_energy": -1156.56768946492, "end_energy": -1140.0414885131731}