{"start_energy": -1117.4714303816022, "end_energy": -1115.8692857284714}