{"start_energy": -1078.6304931640625, "end_energy": -1078.658447265625}