{"start_energy": -1077.2110595703125, "end_energy": -1076.874267578125}