{"start_energy": -1155.009396973708, "end_energy": -1155.0054169493555}