{"start_energy": -1134.0050182717464, "end_energy": -1134.350929383171}