{"start_energy": -1138.786787833151, "end_energy": -1124.7164950019694}