{"start_energy": -1077.3695068359375, "end_energy": -1077.436279296875}