{"start_energy": -1116.4451904296875, "end_energy": -1116.41943359375}