{"start_energy": -1115.1110070653679, "end_energy": -1115.4131122090498}