{"start_energy": -1122.46931972299, "end_energy": -1105.7318617205074}