{"start_energy": -1113.8967739617415, "end_energy": -1114.015902765832}