{"start_energy": -1123.8308379743603, "end_energy": -1124.1797154482133}