{"start_energy": -1118.5665133313978, "end_energy": -1118.675106566298}