{"start_energy": -1096.7332763671875, "end_energy": -1096.8516845703125}