{"start_energy": -1112.7786865234375, "end_energy": -1112.7322998046875}