{"start_energy": -1113.6739385935957, "end_energy": -1113.9205948842343}