{"start_energy": -1098.68212890625, "end_energy": -1098.58349609375}