{"start_energy": -1141.5318603515625, "end_energy": -1141.609130859375}