{"start_energy": -1101.8404541015625, "end_energy": -1101.6883544921875}