{"start_energy": -1084.2940673828125, "end_energy": -1084.2847900390625}