{"start_energy": -1076.7344970703125, "end_energy": -1076.7171630859375}