{"start_energy": -1135.076899193881, "end_energy": -1120.1846209740015}