{"start_energy": -1097.2430419921875, "end_energy": -1097.573974609375}