{"start_energy": -1092.071533203125, "end_energy": -1092.067626953125}