{"start_energy": -71325.20389634979, "end_energy": -1103.5774040088354}