{"start_energy": -1113.4527444060345, "end_energy": -1113.501414470281}