{"start_energy": -1087.473388671875, "end_energy": -1087.4739990234375}