{"start_energy": -1126.429781145219, "end_energy": -1126.1385360186187}