{"start_energy": -1118.8505223080574, "end_energy": -1118.764584970604}