{"start_energy": -1081.348876953125, "end_energy": -1081.3057861328125}