{"start_energy": -1092.320068359375, "end_energy": -1092.348388671875}