{"start_energy": -1117.7101318423045, "end_energy": -1118.3534591141686}