{"start_energy": -1142.850567984796, "end_energy": -1142.9791826645699}