{"start_energy": -1130.8957939169748, "end_energy": -1131.4548363576357}