{"start_energy": -1083.1260986328125, "end_energy": -1082.98291015625}