{"start_energy": -1105.7755126953125, "end_energy": -1105.975341796875}