{"start_energy": -1100.2513427734375, "end_energy": -1100.1546630859375}