{"start_energy": -1133.205439936321, "end_energy": -1133.1549795464368}