{"start_energy": -1112.8502197265625, "end_energy": -1112.801513671875}