{"start_energy": -1188.5898067484684, "end_energy": -1188.3146598322705}