{"start_energy": -1084.3895263671875, "end_energy": -1084.3037109375}