{"start_energy": -1120.7749513166125, "end_energy": -1121.103340223398}