{"start_energy": -1090.06591796875, "end_energy": -1090.0853271484375}