{"start_energy": -1117.6110925144164, "end_energy": -1117.7335466397653}