{"start_energy": -1130.5455730436684, "end_energy": -1130.0874350839704}