{"start_energy": -1090.8739013671875, "end_energy": -1090.8507080078125}