{"start_energy": -1097.985107421875, "end_energy": -1097.88671875}