{"start_energy": -1124.5804987518436, "end_energy": -1124.7512354568807}