{"start_energy": -1089.8677978515625, "end_energy": -1089.9212646484375}