{"start_energy": -1115.9969419604731, "end_energy": -1116.2696693234395}