{"start_energy": -1112.8502197265625, "end_energy": -1113.0028076171875}