{"start_energy": -1116.49462890625, "end_energy": -1116.524658203125}