{"start_energy": -1123.9881447755904, "end_energy": -1123.5243306413051}