{"start_energy": -1125.7678245341292, "end_energy": -1125.5110498378342}