{"start_energy": -1112.8502197265625, "end_energy": -1112.957763671875}