{"start_energy": -1100.2808837890625, "end_energy": -1100.098388671875}