{"start_energy": -1105.776123046875, "end_energy": -1105.813232421875}