{"start_energy": -1077.501953125, "end_energy": -1077.5399169921875}