{"start_energy": -1109.5355224609375, "end_energy": -1109.4898681640625}