{"start_energy": -1096.7332763671875, "end_energy": -1097.0509033203125}