{"start_energy": -1098.69970703125, "end_energy": -1098.6885986328125}