{"start_energy": -1152.2628721870012, "end_energy": -1151.9090548222555}