{"start_energy": -1126.7866026720208, "end_energy": -1126.8506735738927}