{"start_energy": -1117.9421621304252, "end_energy": -1117.6454947969407}