{"start_energy": -1133.2892085796318, "end_energy": -1123.559226195966}