{"start_energy": -1100.2359619140625, "end_energy": -1100.2213134765625}