{"start_energy": -1116.787082275245, "end_energy": -1116.5165717326095}