{"start_energy": -1124.5415297730813, "end_energy": -1124.7418635786096}