{"start_energy": -1079.9133529663086, "end_energy": -1079.4948463439941}