{"start_energy": -1077.0201416015625, "end_energy": -1076.96044921875}