{"start_energy": -1128.494806786732, "end_energy": -1128.9420779441928}