{"start_energy": -1117.750190458743, "end_energy": -1116.622463643802}