{"start_energy": -1108.656982421875, "end_energy": -1108.864990234375}