{"start_energy": -1137.856201171875, "end_energy": -1137.879150390625}