{"start_energy": -1117.1543658210098, "end_energy": -1103.9956817132793}