{"start_energy": -1110.589952083616, "end_energy": -1110.2571309832044}