{"start_energy": -1120.7119140625, "end_energy": -1120.58056640625}