{"start_energy": -4929.943219119297, "end_energy": -1109.7592273410194}