{"start_energy": -1083.16943359375, "end_energy": -1083.2117919921875}