{"start_energy": -1073.3876953125, "end_energy": -1073.4833984375}