{"start_energy": -1099.04052734375, "end_energy": -1099.0914306640625}