{"start_energy": -1128.494806786732, "end_energy": -1127.9769130174325}