{"start_energy": -1100.072265625, "end_energy": -1100.0634765625}