{"start_energy": -1123.8943538540104, "end_energy": -1123.6699116132731}