{"start_energy": -1120.6194692150511, "end_energy": -1107.2450312172841}