{"start_energy": -1083.1873779296875, "end_energy": -1083.0386962890625}