{"start_energy": -1117.2583556011282, "end_energy": -1116.8779102192432}