{"start_energy": -1130.7491455078125, "end_energy": -1130.732421875}