{"start_energy": -1128.6384567664736, "end_energy": -1128.5866199969887}