{"start_energy": -1078.6641845703125, "end_energy": -1078.98291015625}