{"start_energy": -1100.0775146484375, "end_energy": -1100.2169189453125}