{"start_energy": -1135.1903235703446, "end_energy": -1123.6655189795583}