{"start_energy": -1095.0367431640625, "end_energy": -1095.0391845703125}