{"start_energy": -1089.9169921875, "end_energy": -1090.1932373046875}