{"start_energy": -1123.8590923890104, "end_energy": -1123.4024798694059}