{"start_energy": -1121.3965072144942, "end_energy": -1119.7501421775867}