{"start_energy": -1134.2608120640714, "end_energy": -1119.843984024425}