{"start_energy": -1109.812255859375, "end_energy": -1109.85009765625}