{"start_energy": -1146.2992715749217, "end_energy": -1146.0005406878724}