{"start_energy": -1133.570068359375, "end_energy": -1133.598388671875}