{"start_energy": -1142.469482421875, "end_energy": -1142.4398193359375}