{"start_energy": -1072.8004150390625, "end_energy": -1072.7310791015625}