{"start_energy": -1136.9127929223644, "end_energy": -1137.0101442022474}