{"start_energy": -1115.920189373314, "end_energy": -1115.787839410426}