{"start_energy": -1143.2138350154205, "end_energy": -1142.9576845104407}