{"start_energy": -1122.4430260203724, "end_energy": -1123.0195851017354}