{"start_energy": -1117.9371337983962, "end_energy": -1117.877708858633}