{"start_energy": -1097.1634521484375, "end_energy": -1096.656494140625}