{"start_energy": -1096.656982421875, "end_energy": -1096.7115478515625}