{"start_energy": -1113.249357619025, "end_energy": -1113.0480002753586}