{"start_energy": -1079.053466796875, "end_energy": -1079.0059814453125}