{"start_energy": -1120.3065601671997, "end_energy": -1106.725281997015}