{"start_energy": -1153.1259996538656, "end_energy": -1135.162674118432}