{"start_energy": -1121.3248014775272, "end_energy": -1121.7709193872427}