{"start_energy": -1099.7305908203125, "end_energy": -1099.4871826171875}