{"start_energy": -1078.991455078125, "end_energy": -1079.09521484375}