{"start_energy": -1108.902587890625, "end_energy": -1108.9490966796875}