{"start_energy": -1098.4935302734375, "end_energy": -1098.6195068359375}