{"start_energy": -1081.3223876953125, "end_energy": -1081.309326171875}