{"start_energy": -1117.2748929167303, "end_energy": -1117.3028322404195}