{"start_energy": -1113.8704838898411, "end_energy": -1114.1176934798361}