{"start_energy": -1138.9690677863464, "end_energy": -1122.6495583256162}