{"start_energy": -1085.6353759765625, "end_energy": -1085.449462890625}