{"start_energy": -1094.128662109375, "end_energy": -1094.197265625}