{"start_energy": -1112.893310546875, "end_energy": -1112.7850341796875}