{"start_energy": -1141.092064091452, "end_energy": -1140.8861397517394}