{"start_energy": -1074.0626220703125, "end_energy": -1073.9873046875}