{"start_energy": -1117.2748929167303, "end_energy": -1116.7035889292442}