{"start_energy": -1100.22705078125, "end_energy": -1100.1546630859375}