{"start_energy": -1112.679931640625, "end_energy": -1112.7083740234375}