{"start_energy": -1124.2480374251863, "end_energy": -1124.3081868275324}