{"start_energy": -1121.2839938917498, "end_energy": -1107.3707781837513}