{"start_energy": -1152.2628721870012, "end_energy": -1151.6241697425312}