{"start_energy": -1126.782845610161, "end_energy": -1125.5043501359007}