{"start_energy": -1139.2232133073044, "end_energy": -1138.9416830346936}