{"start_energy": -1132.593505859375, "end_energy": -1132.5186767578125}