{"start_energy": -1122.1063105643595, "end_energy": -1121.5408825561426}