{"start_energy": -1081.098388671875, "end_energy": -1081.30908203125}