{"start_energy": -1147.98578804947, "end_energy": -1147.7189838257132}