{"start_energy": -1122.4101082788598, "end_energy": -1122.793451234039}