{"start_energy": -1099.55224609375, "end_energy": -1099.584716796875}