{"start_energy": -1134.4019303164607, "end_energy": -1134.4800236017998}