{"start_energy": -1138.9314482537764, "end_energy": -1119.4291045014543}