{"start_energy": -1121.2656585849556, "end_energy": -1121.1740277221736}