{"start_energy": -1164.162939261088, "end_energy": -1164.1537785068829}