{"start_energy": -1134.3509282596403, "end_energy": -1133.7240848809486}