{"start_energy": -1120.9332951051686, "end_energy": -1105.5734698795634}