{"start_energy": -1124.241253424386, "end_energy": -1124.456731750014}