{"start_energy": -1084.0322265625, "end_energy": -1083.8304443359375}