{"start_energy": -1098.8592529296875, "end_energy": -1098.4913330078125}