{"start_energy": -1128.7679500084193, "end_energy": -1128.4948348518856}