{"start_energy": -1089.2186279296875, "end_energy": -1089.207275390625}