{"start_energy": -1127.8795108351912, "end_energy": -1128.5494181005263}