{"start_energy": -1115.920189373314, "end_energy": -1115.7488293648496}