{"start_energy": -1113.2567701896164, "end_energy": -1113.3594101146712}