{"start_energy": -1120.6297607421875, "end_energy": -1120.5654296875}