{"start_energy": -1087.467529296875, "end_energy": -1087.605224609375}