{"start_energy": -1122.2660522001588, "end_energy": -1121.9133351114774}