{"start_energy": -1080.0206298828125, "end_energy": -1080.1199951171875}