{"start_energy": -1082.528076171875, "end_energy": -1082.62548828125}