{"start_energy": -1108.716796875, "end_energy": -1108.7801513671875}