{"start_energy": -1096.813720703125, "end_energy": -1097.0877685546875}