{"start_energy": -1134.8106143482926, "end_energy": -1134.6831462952366}