{"start_energy": -1112.49092339778, "end_energy": -1112.4904429412397}