{"start_energy": -1121.2952029275034, "end_energy": -1121.2416681803045}