{"start_energy": -1151.9223953303563, "end_energy": -1135.3591125748142}