{"start_energy": -1131.9726396037522, "end_energy": -1121.7036859218758}