{"start_energy": -1096.8321533203125, "end_energy": -1096.8385009765625}