{"start_energy": -1077.94921875, "end_energy": -1078.1954345703125}