{"start_energy": -1117.8843331183527, "end_energy": -1117.9266891863872}