{"start_energy": -1117.0507748188213, "end_energy": -1117.2151236531088}