{"start_energy": -1132.3764696066432, "end_energy": -1132.4548301912935}