{"start_energy": -1103.2768783569336, "end_energy": -1103.2646980285645}