{"start_energy": -1126.6356219057172, "end_energy": -1126.178071952254}