{"start_energy": -1094.4251708984375, "end_energy": -1094.1455078125}