{"start_energy": -1109.5731201171875, "end_energy": -1109.5703125}