{"start_energy": -1100.10546875, "end_energy": -1100.093505859375}