{"start_energy": -1117.8486328125, "end_energy": -1117.7578125}