{"start_energy": -1091.3726806640625, "end_energy": -1091.551025390625}