{"start_energy": -1105.7147216796875, "end_energy": -1105.7459716796875}