{"start_energy": -1108.7843017578125, "end_energy": -1108.8704833984375}