{"start_energy": -1112.2179672993175, "end_energy": -1112.506738062252}