{"start_energy": -1118.6556710688862, "end_energy": -1118.5211137795457}