{"start_energy": -1199.207973049466, "end_energy": -1175.5454742804588}