{"start_energy": -1124.6884896883712, "end_energy": -1124.461063596912}