{"start_energy": -1134.70290737607, "end_energy": -1134.9114727178685}