{"start_energy": -1117.8396946366863, "end_energy": -1117.5451599813853}