{"start_energy": -1100.02490234375, "end_energy": -1100.0078125}