{"start_energy": -1137.8003870299524, "end_energy": -1122.5160406241394}