{"start_energy": -1134.5271498329398, "end_energy": -1134.5058083140148}