{"start_energy": -1113.829345703125, "end_energy": -1113.8272705078125}