{"start_energy": -1129.869561921256, "end_energy": -1130.684157520966}