{"start_energy": -1124.664946055118, "end_energy": -1124.9605143396357}