{"start_energy": -1097.211669921875, "end_energy": -1097.1971435546875}