{"start_energy": -1113.22412109375, "end_energy": -1113.253173828125}