{"start_energy": -1118.3115001174667, "end_energy": -1118.757167585364}