{"start_energy": -1131.769399039376, "end_energy": -1132.1220827798693}