{"start_energy": -1078.1995849609375, "end_energy": -1078.167236328125}