{"start_energy": -1159.527099609375, "end_energy": -1159.5438232421875}