{"start_energy": -1135.1903235703446, "end_energy": -1123.185822728592}