{"start_energy": -1091.4715576171875, "end_energy": -1091.4371337890625}