{"start_energy": -1088.800048828125, "end_energy": -1088.8829345703125}