{"start_energy": -1110.6513890066162, "end_energy": -1110.637175594747}