{"start_energy": -1134.3509282596403, "end_energy": -1133.534793772582}