{"start_energy": -1086.748291015625, "end_energy": -1086.5794677734375}