{"start_energy": -1118.561121879827, "end_energy": -1118.7958923528831}