{"start_energy": -1077.72509765625, "end_energy": -1077.7509765625}