{"start_energy": -1117.8609739501367, "end_energy": -1117.4397356322136}