{"start_energy": -1077.114990234375, "end_energy": -1076.697509765625}