{"start_energy": -1099.55224609375, "end_energy": -1099.5103759765625}