{"start_energy": -1117.79345703125, "end_energy": -1117.8082275390625}