{"start_energy": -1174.5843505859375, "end_energy": -1174.2835693359375}