{"start_energy": -1114.5860536297564, "end_energy": -1114.1609343790556}