{"start_energy": -1087.467529296875, "end_energy": -1087.5911865234375}