{"start_energy": -1120.9332951051686, "end_energy": -1106.5240869926108}