{"start_energy": -1082.528076171875, "end_energy": -1082.6107177734375}