{"start_energy": -1076.721435546875, "end_energy": -1076.831298828125}