{"start_energy": -1141.08514973951, "end_energy": -1140.8340946370965}