{"start_energy": -1120.2094854309719, "end_energy": -1119.9590478614787}