{"start_energy": -1128.4384765625, "end_energy": -1128.5675048828125}