{"start_energy": -1096.9765625, "end_energy": -1096.944091796875}