{"start_energy": -1078.588623046875, "end_energy": -1078.59375}