{"start_energy": -1098.68212890625, "end_energy": -1098.5760498046875}