{"start_energy": -1081.2657470703125, "end_energy": -1081.2738037109375}