{"start_energy": -1130.582145966864, "end_energy": -1130.5132559377416}