{"start_energy": -1083.94873046875, "end_energy": -1083.9764404296875}