{"start_energy": -1116.8001395684907, "end_energy": -1116.8153681420697}