{"start_energy": -1123.5243309557102, "end_energy": -1123.2465687706358}