{"start_energy": -1100.2554931640625, "end_energy": -1100.29833984375}