{"start_energy": -1130.357307514656, "end_energy": -1130.4383234082682}