{"start_energy": -1131.5698114561696, "end_energy": -1131.911921980377}