{"start_energy": -1118.1962532127743, "end_energy": -1117.5196785121213}