{"start_energy": -1120.94301399778, "end_energy": -1121.6089061983932}