{"start_energy": -1117.4538945206414, "end_energy": -1117.4413454507915}