{"start_energy": -1118.1497276934053, "end_energy": -1107.1762318614528}