{"start_energy": -1124.6884896883712, "end_energy": -1124.6375860063217}