{"start_energy": -1111.400634765625, "end_energy": -1111.433349609375}