{"start_energy": -1113.5793724635523, "end_energy": -1113.7996695272902}