{"start_energy": -1122.4925763489587, "end_energy": -1122.3012651499914}