{"start_energy": -1111.6712315060856, "end_energy": -1111.7538657040993}