{"start_energy": -1115.9825527297035, "end_energy": -1115.802333786465}