{"start_energy": -1116.598388671875, "end_energy": -1116.6065673828125}