{"start_energy": -1159.527099609375, "end_energy": -1159.4447021484375}