{"start_energy": -1089.191650390625, "end_energy": -1089.2801513671875}