{"start_energy": -1078.0751953125, "end_energy": -1078.2266845703125}