{"start_energy": -1115.9825527297035, "end_energy": -1115.922903965975}