{"start_energy": -1122.1647360653192, "end_energy": -1121.7405672679354}