{"start_energy": -1101.4967041015625, "end_energy": -1101.5054931640625}