{"start_energy": -1123.6495938008022, "end_energy": -1123.733681020105}