{"start_energy": -1129.4846872700173, "end_energy": -1129.0502646247942}