{"start_energy": -1123.5486687688356, "end_energy": -1124.1194534446743}