{"start_energy": -1091.4654541015625, "end_energy": -1091.4793701171875}