{"start_energy": -1137.8003870299524, "end_energy": -1122.2696271081295}