{"start_energy": -1127.3106808479206, "end_energy": -1127.1623854467762}