{"start_energy": -1120.4654541015625, "end_energy": -1120.403564453125}