{"start_energy": -1130.8957939169748, "end_energy": -1131.2385416363322}