{"start_energy": -1099.8524169921875, "end_energy": -1099.8494873046875}