{"start_energy": -1123.7981424203608, "end_energy": -1123.9275910480478}