{"start_energy": -1118.8505223080574, "end_energy": -1118.7998525540986}