{"start_energy": -1079.134521484375, "end_energy": -1079.126220703125}