{"start_energy": -1128.7662181498652, "end_energy": -1129.459273813378}