{"start_energy": -1124.1762098411523, "end_energy": -1123.764866698507}