{"start_energy": -1134.0050182717464, "end_energy": -1133.6002284440312}