{"start_energy": -1114.7199582676487, "end_energy": -1114.6088819891215}