{"start_energy": -1130.5940877474038, "end_energy": -1130.4136797076144}