{"start_energy": -1090.06591796875, "end_energy": -1090.181884765625}