{"start_energy": -1113.380702816909, "end_energy": -1113.2993773759783}