{"start_energy": -1175.202392578125, "end_energy": -1176.7689208984375}