{"start_energy": -1110.873316595155, "end_energy": -1110.8057209077606}