{"start_energy": -1125.2134436556285, "end_energy": -1124.3114848281343}