{"start_energy": -1100.01513671875, "end_energy": -1100.3021240234375}