{"start_energy": -1116.9009215210685, "end_energy": -1117.1658287189668}