{"start_energy": -1129.9406705502706, "end_energy": -1118.6102465534655}