{"start_energy": -1147.8090809024961, "end_energy": -1147.503861485759}