{"start_energy": -1155.246337890625, "end_energy": -1155.40576171875}