{"start_energy": -1077.518798828125, "end_energy": -1077.4423828125}