{"start_energy": -1146.787207178109, "end_energy": -1146.7020280322715}