{"start_energy": -1122.64498794676, "end_energy": -1122.767560212032}