{"start_energy": -1199.207973049466, "end_energy": -1175.2209560374508}