{"start_energy": -1078.224853515625, "end_energy": -1078.0836181640625}