{"start_energy": -1147.8392706619163, "end_energy": -1148.7236957508442}