{"start_energy": -1078.1854248046875, "end_energy": -1078.0177001953125}