{"start_energy": -1126.7462866947378, "end_energy": -1125.4588199675875}