{"start_energy": -1096.8548583984375, "end_energy": -1096.8358154296875}