{"start_energy": -1089.923583984375, "end_energy": -1089.955322265625}