{"start_energy": -6280.342966879896, "end_energy": -1111.7738225972155}