{"start_energy": -1088.800048828125, "end_energy": -1089.1993408203125}