{"start_energy": -1100.247314453125, "end_energy": -1099.947021484375}