{"start_energy": -1128.6790869656747, "end_energy": -1128.6798070709622}