{"start_energy": -1100.2540283203125, "end_energy": -1100.1746826171875}