{"start_energy": -9146.392490583326, "end_energy": -1121.653477450829}