{"start_energy": -1097.211669921875, "end_energy": -1097.2032470703125}