{"start_energy": -1133.570068359375, "end_energy": -1133.429443359375}