{"start_energy": -1094.2869873046875, "end_energy": -1094.3184814453125}