{"start_energy": -1159.4046630859375, "end_energy": -1159.216552734375}