{"start_energy": -1115.9130099245062, "end_energy": -1115.8147687783685}