{"start_energy": -1082.607421875, "end_energy": -1082.5196533203125}