{"start_energy": -1139.5760498046875, "end_energy": -1139.570068359375}