{"start_energy": -1199.207973049466, "end_energy": -1175.089961831185}