{"start_energy": -1079.2740478515625, "end_energy": -1078.98193359375}