{"start_energy": -1120.808485476454, "end_energy": -1120.656757868602}