{"start_energy": -1095.0367431640625, "end_energy": -1094.9757080078125}