{"start_energy": -1117.091007667156, "end_energy": -1116.8958892485082}