{"start_energy": -1128.5211181640625, "end_energy": -1128.4869384765625}