{"start_energy": -1090.07861328125, "end_energy": -1090.0869140625}