{"start_energy": -1127.6880110227162, "end_energy": -1127.9690864515171}