{"start_energy": -1118.4996102492446, "end_energy": -1118.566705466982}