{"start_energy": -1134.709088649976, "end_energy": -1120.0965139479235}