{"start_energy": -1111.45849609375, "end_energy": -1111.449951171875}