{"start_energy": -11719.933204042834, "end_energy": -1123.5790011400964}