{"start_energy": -1078.588134765625, "end_energy": -1078.4588623046875}