{"start_energy": -1142.839004292986, "end_energy": -1143.0806153259132}