{"start_energy": -1120.767757433524, "end_energy": -1106.6615113240102}