{"start_energy": -1126.5638587138187, "end_energy": -1117.0468243935827}