{"start_energy": -1083.9345703125, "end_energy": -1084.0611572265625}