{"start_energy": -1118.1007631711855, "end_energy": -1117.9228459564652}