{"start_energy": -1072.9437255859375, "end_energy": -1072.83642578125}