{"start_energy": -1115.3547359694865, "end_energy": -1115.2406024486625}