{"start_energy": -1130.0085558370993, "end_energy": -1130.1427116487266}