{"start_energy": -1125.6983983395135, "end_energy": -1106.229393189019}