{"start_energy": -1124.2030688509963, "end_energy": -1124.161445167841}