{"start_energy": -1127.19888652457, "end_energy": -1127.2024019422902}