{"start_energy": -1134.3509282596403, "end_energy": -1134.2727319708356}