{"start_energy": -1118.5088664011985, "end_energy": -1118.3003539151923}