{"start_energy": -1096.8333740234375, "end_energy": -1096.9132080078125}