{"start_energy": -1120.56005859375, "end_energy": -1120.511962890625}