{"start_energy": -1134.0558606826773, "end_energy": -1133.41883987548}