{"start_energy": -1122.5496892697222, "end_energy": -1122.2922033550733}