{"start_energy": -1129.869561921256, "end_energy": -1130.1554816844684}