{"start_energy": -1099.5379638671875, "end_energy": -1099.4534912109375}