{"start_energy": -1131.6972866870653, "end_energy": -1131.3314579113062}