{"start_energy": -1087.852207183838, "end_energy": -1087.9569816589355}