{"start_energy": -1117.7101318423045, "end_energy": -1117.4934544257228}