{"start_energy": -1116.45068359375, "end_energy": -1116.502197265625}