{"start_energy": -1110.5757884376085, "end_energy": -1110.4498322329125}