{"start_energy": -1084.58056640625, "end_energy": -1084.6148681640625}