{"start_energy": -1195.1648299888632, "end_energy": -1172.2414107052386}