{"start_energy": -1106.98291015625, "end_energy": -1106.9014892578125}