{"start_energy": -1095.1044921875, "end_energy": -1094.9681396484375}