{"start_energy": -1090.193603515625, "end_energy": -1090.3157958984375}