{"start_energy": -1085.6353759765625, "end_energy": -1085.5174560546875}