{"start_energy": -1124.0941978003248, "end_energy": -1124.5249229725307}