{"start_energy": -1133.3793828686064, "end_energy": -1133.0901933275106}