{"start_energy": -1077.9090576171875, "end_energy": -1078.06201171875}