{"start_energy": -1121.2416680591814, "end_energy": -1120.7915324839769}