{"start_energy": -1123.5804353941785, "end_energy": -1123.1976843572563}