{"start_energy": -1117.3080436068785, "end_energy": -1116.996146320025}