{"start_energy": -1137.856201171875, "end_energy": -1137.9326171875}