{"start_energy": -1125.0556695723042, "end_energy": -1125.4317291494704}