{"start_energy": -1122.69707506668, "end_energy": -1122.8362439847278}