{"start_energy": -1129.9728762038226, "end_energy": -1129.726938076473}