{"start_energy": -11719.933204042834, "end_energy": -1123.3933865016925}