{"start_energy": -1123.990455068423, "end_energy": -1123.8128560785663}