{"start_energy": -1113.668701171875, "end_energy": -1113.640869140625}