{"start_energy": -1155.3867040268526, "end_energy": -1154.9024457611342}