{"start_energy": -1117.857177734375, "end_energy": -1118.0635986328125}