{"start_energy": -1148.1928896111124, "end_energy": -1147.9703770347555}