{"start_energy": -1152.938619250229, "end_energy": -1135.978811926982}