{"start_energy": -1099.6273193359375, "end_energy": -1099.555419921875}