{"start_energy": -1141.435546875, "end_energy": -1141.5767822265625}