{"start_energy": -1085.90576171875, "end_energy": -1085.761474609375}