{"start_energy": -1109.572998046875, "end_energy": -1109.596923828125}