{"start_energy": -1116.4383544921875, "end_energy": -1116.460205078125}