{"start_energy": -1101.4832763671875, "end_energy": -1101.6182861328125}