{"start_energy": -1155.1121701066083, "end_energy": -1154.8767930030108}