{"start_energy": -1187.4225339156585, "end_energy": -1186.3442288987148}