{"start_energy": -1090.07861328125, "end_energy": -1090.1168212890625}