{"start_energy": -1140.2537775370486, "end_energy": -1140.5801888325343}