{"start_energy": -1131.2684075786037, "end_energy": -1131.6638577061965}