{"start_energy": -1092.019775390625, "end_energy": -1092.0921630859375}