{"start_energy": -1120.2094854309719, "end_energy": -1119.6749907393028}