{"start_energy": -1117.939453125, "end_energy": -1117.940185546875}