{"start_energy": -1094.811767578125, "end_energy": -1094.88916015625}