{"start_energy": -1159.5457763671875, "end_energy": -1159.51953125}