{"start_energy": -1120.0543847970273, "end_energy": -1120.3052258018154}