{"start_energy": -1137.8760986328125, "end_energy": -1137.9508056640625}