{"start_energy": -1112.9854736328125, "end_energy": -1113.056396484375}