{"start_energy": -1097.670654296875, "end_energy": -1097.600830078125}