{"start_energy": -1134.8584715956356, "end_energy": -1134.644369054623}