{"start_energy": -1156.56768946492, "end_energy": -1139.5804523020952}