{"start_energy": -1139.5108642578125, "end_energy": -1139.41259765625}