{"start_energy": -1108.902587890625, "end_energy": -1109.0263671875}