{"start_energy": -1117.4633238269055, "end_energy": -1117.3896292363254}