{"start_energy": -1155.010650457205, "end_energy": -1154.1390783746374}