{"start_energy": -1114.6833233244483, "end_energy": -1104.864425999801}