{"start_energy": -1118.447766134087, "end_energy": -1118.6633787737765}