{"start_energy": -1159.8275419766314, "end_energy": -1142.7135423070758}