{"start_energy": -1100.369873046875, "end_energy": -1100.22802734375}