{"start_energy": -1109.6406396323914, "end_energy": -1109.4528591329654}