{"start_energy": -1126.8509676175186, "end_energy": -1126.9222997292754}