{"start_energy": -1117.091007667156, "end_energy": -1117.1480041495201}