{"start_energy": -1117.93994140625, "end_energy": -1117.9482421875}