{"start_energy": -1106.2154541015625, "end_energy": -1106.3411865234375}