{"start_energy": -1096.6810302734375, "end_energy": -1096.67333984375}