{"start_energy": -1129.9100541629539, "end_energy": -1129.7763926139821}