{"start_energy": -1109.840041555596, "end_energy": -1109.9637681162003}