{"start_energy": -1100.095703125, "end_energy": -1100.17822265625}