{"start_energy": -1123.5243309557102, "end_energy": -1124.0230349460362}