{"start_energy": -1096.677978515625, "end_energy": -1096.6619873046875}