{"start_energy": -1108.7730712890625, "end_energy": -1108.732666015625}