{"start_energy": -1114.3694359320798, "end_energy": -1114.0706303162074}