{"start_energy": -1112.5332595283999, "end_energy": -1112.388617303318}