{"start_energy": -1089.7835693359375, "end_energy": -1089.83837890625}