{"start_energy": -1146.8161317973709, "end_energy": -1145.6773791730993}