{"start_energy": -1078.26904296875, "end_energy": -1078.1290283203125}