{"start_energy": -1123.8807098720674, "end_energy": -1124.5028907445387}