{"start_energy": -1147.98578804947, "end_energy": -1148.1454490415215}