{"start_energy": -1112.4376925540726, "end_energy": -1112.4139336072103}