{"start_energy": -1125.2603538965525, "end_energy": -1125.487625396762}