{"start_energy": -1117.9421621304252, "end_energy": -1117.5932569072731}