{"start_energy": -1117.9371337983962, "end_energy": -1117.9981859771306}