{"start_energy": -1130.9807451689776, "end_energy": -1130.5969884594324}