{"start_energy": -1129.7076956485992, "end_energy": -1129.8376396888875}