{"start_energy": -1107.667236328125, "end_energy": -1107.706298828125}