{"start_energy": -1091.978759765625, "end_energy": -1092.0958251953125}