{"start_energy": -1132.0288501232728, "end_energy": -1131.5771574248088}