{"start_energy": -1113.5459967660715, "end_energy": -1113.4046795227164}