{"start_energy": -1132.593505859375, "end_energy": -1132.7081298828125}