{"start_energy": -1136.1735590166863, "end_energy": -1136.1192127862282}