{"start_energy": -1080.2568359375, "end_energy": -1080.2750244140625}