{"start_energy": -1131.6965533498706, "end_energy": -1114.4665618149781}