{"start_energy": -1118.9437407954688, "end_energy": -1118.6572972880142}