{"start_energy": -31962.79267859272, "end_energy": -1111.4932612058137}