{"start_energy": -1104.408935546875, "end_energy": -1104.286376953125}