{"start_energy": -1100.2359619140625, "end_energy": -1100.1832275390625}