{"start_energy": -1137.9893798828125, "end_energy": -1137.817626953125}