{"start_energy": -1128.128187236886, "end_energy": -1116.6501761811355}