{"start_energy": -1081.1998291015625, "end_energy": -1081.2027587890625}