{"start_energy": -1139.0994873046875, "end_energy": -1139.0263671875}