{"start_energy": -1116.529872792148, "end_energy": -1104.0847486223768}