{"start_energy": -1106.6123962402344, "end_energy": -1106.6142883300781}