{"start_energy": -1097.5032958984375, "end_energy": -1097.6177978515625}