{"start_energy": -1120.6194692150511, "end_energy": -1107.1871953447092}