{"start_energy": -1115.7735289637117, "end_energy": -1115.8096756407422}