{"start_energy": -1147.8090809024961, "end_energy": -1147.8551204846597}