{"start_energy": -1085.190673828125, "end_energy": -1085.696533203125}