{"start_energy": -1116.589639607051, "end_energy": -1116.8966280199802}