{"start_energy": -1134.8645888172598, "end_energy": -1121.8875168274733}