{"start_energy": -1113.1728924432705, "end_energy": -1112.9189458243686}