{"start_energy": -1149.6990588987965, "end_energy": -1132.5896579325354}