{"start_energy": -1124.3562743973757, "end_energy": -1124.5130181928816}