{"start_energy": -1188.2896695909776, "end_energy": -1188.420833940126}