{"start_energy": -1130.7718624703116, "end_energy": -1130.7991451150842}