{"start_energy": -1100.0166015625, "end_energy": -1100.0972900390625}