{"start_energy": -1100.2314453125, "end_energy": -1100.4609375}