{"start_energy": -1137.7928466796875, "end_energy": -1137.841552734375}