{"start_energy": -1155.343821225957, "end_energy": -1154.3672397399744}