{"start_energy": -1117.4912109375, "end_energy": -1117.4549560546875}