{"start_energy": -1130.6873779296875, "end_energy": -1130.6656494140625}