{"start_energy": -1104.3951416015625, "end_energy": -1104.31298828125}