{"start_energy": -1097.540283203125, "end_energy": -1097.4708251953125}