{"start_energy": -1096.6912841796875, "end_energy": -1096.698486328125}