{"start_energy": -1126.429781145219, "end_energy": -1126.2834138974752}