{"start_energy": -1083.84423828125, "end_energy": -1083.8099365234375}