{"start_energy": -1100.2174072265625, "end_energy": -1100.19140625}