{"start_energy": -1112.7523209499952, "end_energy": -1113.0487831484097}