{"start_energy": -1094.128662109375, "end_energy": -1094.3349609375}