{"start_energy": -1133.8911355237587, "end_energy": -1133.7353126390994}