{"start_energy": -1141.8844437591797, "end_energy": -1141.2264005922768}