{"start_energy": -1141.5983224559377, "end_energy": -1141.510130321028}