{"start_energy": -1136.0778515168663, "end_energy": -1122.1558932654486}