{"start_energy": -1112.4270256444604, "end_energy": -1112.757242791353}