{"start_energy": -1142.986255281725, "end_energy": -1143.289008652757}