{"start_energy": -1100.024658203125, "end_energy": -1100.036865234375}