{"start_energy": -1098.5458984375, "end_energy": -1098.5635986328125}