{"start_energy": -1108.7115478515625, "end_energy": -1108.7584228515625}