{"start_energy": -1101.4169921875, "end_energy": -1101.6419677734375}