{"start_energy": -1077.7158203125, "end_energy": -1077.684326171875}