{"start_energy": -1117.7862548828125, "end_energy": -1117.8314208984375}