{"start_energy": -1084.278564453125, "end_energy": -1084.368896484375}