{"start_energy": -1133.2892085796318, "end_energy": -1123.6212236919016}