{"start_energy": -1120.436279296875, "end_energy": -1120.4306640625}