{"start_energy": -1088.93896484375, "end_energy": -1088.8829345703125}