{"start_energy": -1112.4784461926602, "end_energy": -1112.4038099120767}