{"start_energy": -1116.73974609375, "end_energy": -1116.506103515625}