{"start_energy": -89193.57964477377, "end_energy": -1087.6482545601114}