{"start_energy": -1127.8622215028413, "end_energy": -1127.8500980271526}