{"start_energy": -1110.873316595155, "end_energy": -1110.6732565076638}