{"start_energy": -1117.7888132933356, "end_energy": -1104.3173611391105}