{"start_energy": -1137.7928466796875, "end_energy": -1137.7716064453125}