{"start_energy": -1081.1324462890625, "end_energy": -1081.176025390625}