{"start_energy": -1091.1749267578125, "end_energy": -1091.26513671875}