{"start_energy": -1096.79931640625, "end_energy": -1096.7908935546875}