{"start_energy": -1113.86822003931, "end_energy": -1113.7519364558982}