{"start_energy": -1139.8349350290334, "end_energy": -1139.8276669743973}