{"start_energy": -1117.27099609375, "end_energy": -1117.4930419921875}