{"start_energy": -1155.010650457205, "end_energy": -1154.8767919040429}