{"start_energy": -1135.6349676116436, "end_energy": -1120.621482469701}