{"start_energy": -1118.8330088704367, "end_energy": -1118.4626661806437}