{"start_energy": -1092.1728515625, "end_energy": -1092.060546875}