{"start_energy": -1094.2481689453125, "end_energy": -1094.149658203125}