{"start_energy": -1128.398681640625, "end_energy": -1128.3974609375}