{"start_energy": -1111.5857991626121, "end_energy": -1111.6281602277045}