{"start_energy": -1137.9862060546875, "end_energy": -1138.0513916015625}