{"start_energy": -1109.99698876532, "end_energy": -1109.7424449087255}