{"start_energy": -1115.920189373314, "end_energy": -1115.533561189309}