{"start_energy": -1083.8590087890625, "end_energy": -1083.9805908203125}