{"start_energy": -1118.5192086235722, "end_energy": -1118.6362870424034}