{"start_energy": -1133.043206557042, "end_energy": -1133.4664362425594}