{"start_energy": -1130.2619642584723, "end_energy": -1130.3266378630783}