{"start_energy": -1100.265869140625, "end_energy": -1100.2525634765625}