{"start_energy": -6544.7434550799235, "end_energy": -1112.8512588177798}