{"start_energy": -1129.9857177734375, "end_energy": -1130.0133056640625}