{"start_energy": -1134.4479442662437, "end_energy": -1122.4492479926091}