{"start_energy": -1147.2463278793225, "end_energy": -1146.7233870180678}