{"start_energy": -1112.4213170760138, "end_energy": -1103.3273705358145}