{"start_energy": -1123.6437443542848, "end_energy": -1123.5548700731729}