{"start_energy": -1113.076012507982, "end_energy": -1113.1945817432202}