{"start_energy": -1075.896484375, "end_energy": -1076.001220703125}