{"start_energy": -1132.749059581934, "end_energy": -1132.8126899196334}