{"start_energy": -1196.815701778152, "end_energy": -1171.5547465235181}