{"start_energy": -1130.357307514656, "end_energy": -1129.8164660647947}