{"start_energy": -1126.6356219057172, "end_energy": -1126.2144392777916}