{"start_energy": -1188.7293130733042, "end_energy": -1187.6606501686044}