{"start_energy": -1133.2024829933175, "end_energy": -1132.8610919427742}