{"start_energy": -1155.009396973708, "end_energy": -1153.9239569160077}