{"start_energy": -1128.6790869656747, "end_energy": -1128.862602490787}