{"start_energy": -1121.780028020448, "end_energy": -1121.2841097258217}