{"start_energy": -1097.847900390625, "end_energy": -1097.71337890625}