{"start_energy": -1147.7156480314834, "end_energy": -1147.9688130225518}