{"start_energy": -1117.547660898661, "end_energy": -1117.4766506718795}