{"start_energy": -1159.49951171875, "end_energy": -1159.51611328125}