{"start_energy": -1076.721435546875, "end_energy": -1076.736572265625}