{"start_energy": -1121.3248014775272, "end_energy": -1121.8754725411259}