{"start_energy": -1118.6556710688862, "end_energy": -1118.2866423397238}