{"start_energy": -1142.6468505859375, "end_energy": -1142.682861328125}