{"start_energy": -1117.5920308048733, "end_energy": -1117.6140906276194}