{"start_energy": -1083.8355712890625, "end_energy": -1083.9149169921875}