{"start_energy": -1076.8197021484375, "end_energy": -1076.7916259765625}