{"start_energy": -1124.1240588996, "end_energy": -1123.8835297464223}