{"start_energy": -1130.4286267048842, "end_energy": -1130.8172256372377}