{"start_energy": -1118.3115001174667, "end_energy": -1118.3246251926876}