{"start_energy": -1120.3360658316542, "end_energy": -1106.6154380104372}