{"start_energy": -1133.2024829933175, "end_energy": -1132.4857003613038}