{"start_energy": -1081.2738037109375, "end_energy": -1081.2760009765625}