{"start_energy": -1129.3123334699585, "end_energy": -1129.0896026347011}