{"start_energy": -1105.774658203125, "end_energy": -1105.7491455078125}