{"start_energy": -1092.0213623046875, "end_energy": -1092.0830078125}