{"start_energy": -1110.4318571401527, "end_energy": -1110.7145786398883}