{"start_energy": -1077.3121337890625, "end_energy": -1077.327392578125}