{"start_energy": -1077.6312255859375, "end_energy": -1077.441162109375}