{"start_energy": -1138.985587823366, "end_energy": -1119.8407417744813}