{"start_energy": -1114.2409891935256, "end_energy": -1113.6324990510866}