{"start_energy": -1091.2467041015625, "end_energy": -1091.44384765625}