{"start_energy": -1117.7938247842428, "end_energy": -1117.4397362370446}