{"start_energy": -1112.631591796875, "end_energy": -1112.542236328125}