{"start_energy": -1076.85205078125, "end_energy": -1077.15869140625}