{"start_energy": -1199.639626196, "end_energy": -1175.2102688214854}