{"start_energy": -1114.858146498524, "end_energy": -1102.8516689281814}