{"start_energy": -1129.947282866789, "end_energy": -1129.7985906757785}