{"start_energy": -1118.9563067417141, "end_energy": -1107.1127360095084}