{"start_energy": -105199.258180046, "end_energy": -1121.860510989117}