{"start_energy": -1123.7017983206986, "end_energy": -1123.4815523812708}