{"start_energy": -1149.6990588987965, "end_energy": -1133.0738589659727}