{"start_energy": -1130.0202823304453, "end_energy": -1128.9032837215227}