{"start_energy": -1078.23193359375, "end_energy": -1078.166015625}