{"start_energy": -1128.5700882065062, "end_energy": -1127.3973768630945}