{"start_energy": -1084.688232421875, "end_energy": -1084.2354736328125}