{"start_energy": -1142.4700927734375, "end_energy": -1142.80126953125}