{"start_energy": -1134.0558606826773, "end_energy": -1134.1588880941424}