{"start_energy": -1101.171630859375, "end_energy": -1101.2369384765625}