{"start_energy": -1092.3084716796875, "end_energy": -1092.4346923828125}