{"start_energy": -1107.667236328125, "end_energy": -1107.295166015625}