{"start_energy": -1113.8253173828125, "end_energy": -1113.8011474609375}