{"start_energy": -1092.2938232421875, "end_energy": -1092.290771484375}