{"start_energy": -1120.9430499459297, "end_energy": -1120.3641547589573}