{"start_energy": -1121.518977959174, "end_energy": -1121.944157076318}