{"start_energy": -1129.8219412318433, "end_energy": -1130.094628099224}