{"start_energy": -1137.963455736854, "end_energy": -1137.9930198944853}