{"start_energy": -1117.7101318423045, "end_energy": -1117.6242738078677}