{"start_energy": -1131.4138967137167, "end_energy": -1131.133259246371}