{"start_energy": -1134.8645888172598, "end_energy": -1122.165854853723}