{"start_energy": -1113.076012507982, "end_energy": -1113.0483054947767}