{"start_energy": -1123.5486687688356, "end_energy": -1123.9138352990028}