{"start_energy": -1099.3345947265625, "end_energy": -1099.3294677734375}