{"start_energy": -1083.06689453125, "end_energy": -1083.07421875}