{"start_energy": -1115.7720377489834, "end_energy": -1103.2087830649957}