{"start_energy": -1078.5687255859375, "end_energy": -1078.692626953125}