{"start_energy": -1077.4100341796875, "end_energy": -1077.7945556640625}