{"start_energy": -1098.3363037109375, "end_energy": -1098.563232421875}