{"start_energy": -1100.337646484375, "end_energy": -1100.008544921875}