{"start_energy": -1113.6309814453125, "end_energy": -1113.6480712890625}