{"start_energy": -1130.3085360225928, "end_energy": -1129.8407915529874}