{"start_energy": -1126.6219841706402, "end_energy": -1115.3278376695598}