{"start_energy": -1128.4169921875, "end_energy": -1128.387451171875}