{"start_energy": -1112.5724050477284, "end_energy": -1112.6534463632051}