{"start_energy": -1118.5304179181624, "end_energy": -1118.5611213993607}