{"start_energy": -9280.960543324689, "end_energy": -1135.6862956302148}