{"start_energy": -1084.3599853515625, "end_energy": -1084.32763671875}