{"start_energy": -1107.1905517578125, "end_energy": -1107.25537109375}