{"start_energy": -1099.43798828125, "end_energy": -1099.3226318359375}