{"start_energy": -1085.216796875, "end_energy": -1085.422607421875}