{"start_energy": -1146.9741637599777, "end_energy": -1146.7872068720794}