{"start_energy": -1132.4114990234375, "end_energy": -1132.27197265625}