{"start_energy": -1112.631591796875, "end_energy": -1112.5858154296875}