{"start_energy": -1111.400634765625, "end_energy": -1111.4359130859375}