{"start_energy": -1081.368896484375, "end_energy": -1081.1689453125}