{"start_energy": -1130.4286267048842, "end_energy": -1130.5164379454181}