{"start_energy": -1136.0778515168663, "end_energy": -1121.8160373781163}