{"start_energy": -1113.051368056912, "end_energy": -1113.1066392178325}