{"start_energy": -1073.3876953125, "end_energy": -1073.5838623046875}