{"start_energy": -1129.7076956485992, "end_energy": -1129.2193158132332}