{"start_energy": -1137.7847524663769, "end_energy": -1119.6514215619845}