{"start_energy": -1113.00244140625, "end_energy": -1112.847412109375}