{"start_energy": -1105.71484375, "end_energy": -1105.73486328125}