{"start_energy": -1118.559321637547, "end_energy": -1118.3003543007894}