{"start_energy": -1154.90823334493, "end_energy": -1154.6597192916663}