{"start_energy": -1116.9371496254435, "end_energy": -1117.2025376406746}