{"start_energy": -1124.4002903708888, "end_energy": -1124.328560046873}