{"start_energy": -1130.202161808375, "end_energy": -1129.1928633673522}