{"start_energy": -1097.847900390625, "end_energy": -1097.6834716796875}