{"start_energy": -1115.3224320424754, "end_energy": -1115.097604855694}