{"start_energy": -1116.616943359375, "end_energy": -1116.601318359375}