{"start_energy": -1133.5648735400318, "end_energy": -1133.77979638681}