{"start_energy": -1099.7337646484375, "end_energy": -1099.7601318359375}