{"start_energy": -1078.5576171875, "end_energy": -1078.4541015625}