{"start_energy": -4315.873427326359, "end_energy": -1112.0019461819552}