{"start_energy": -1146.9741637599777, "end_energy": -1146.6390587068477}