{"start_energy": -1132.8693103720404, "end_energy": -1132.216793759279}