{"start_energy": -1130.198054579347, "end_energy": -1116.631800631817}