{"start_energy": -1130.9736793999555, "end_energy": -1131.6163020290717}