{"start_energy": -1140.911781787236, "end_energy": -1140.8069236128538}