{"start_energy": -1164.2303362990617, "end_energy": -1164.287025379535}