{"start_energy": -1113.9205948842343, "end_energy": -1113.5722287882963}