{"start_energy": -1132.2989501953125, "end_energy": -1132.2320556640625}