{"start_energy": -1116.5442509670404, "end_energy": -1116.7195623546972}