{"start_energy": -1135.1903235703446, "end_energy": -1124.6343259865525}