{"start_energy": -1078.067138671875, "end_energy": -1078.0819091796875}