{"start_energy": -1075.963623046875, "end_energy": -1075.9200439453125}