{"start_energy": -1131.456954270866, "end_energy": -1129.8781588304917}