{"start_energy": -1111.3941650390625, "end_energy": -1111.4176025390625}