{"start_energy": -1155.6533447067106, "end_energy": -1155.846148961737}