{"start_energy": -1155.6438304801388, "end_energy": -1155.2753476082607}