{"start_energy": -1115.856201171875, "end_energy": -1115.8218994140625}