{"start_energy": -1112.9847412109375, "end_energy": -1112.887939453125}