{"start_energy": -1090.792236328125, "end_energy": -1090.7889404296875}