{"start_energy": -4315.873427326359, "end_energy": -1111.8540774359908}