{"start_energy": -1081.3546142578125, "end_energy": -1081.249267578125}