{"start_energy": -1135.1903235703446, "end_energy": -1123.5755138908085}