{"start_energy": -1078.9278564453125, "end_energy": -1079.0322265625}