{"start_energy": -1076.721435546875, "end_energy": -1076.7598876953125}