{"start_energy": -1098.8062744140625, "end_energy": -1098.754638671875}