{"start_energy": -1112.4213170760138, "end_energy": -1103.212833777858}