{"start_energy": -1122.1063105643595, "end_energy": -1121.5551536236342}