{"start_energy": -1132.9795495018282, "end_energy": -1132.2148743143487}