{"start_energy": -1108.874755859375, "end_energy": -1108.9014892578125}