{"start_energy": -1113.8548583984375, "end_energy": -1113.893798828125}