{"start_energy": -1156.8614320313352, "end_energy": -1139.2168523065375}