{"start_energy": -1077.4100341796875, "end_energy": -1077.4423828125}