{"start_energy": -1129.7413336428572, "end_energy": -1129.505916741743}