{"start_energy": -1091.260009765625, "end_energy": -1091.26953125}