{"start_energy": -1117.8009033203125, "end_energy": -1117.6859130859375}