{"start_energy": -1123.9467350485622, "end_energy": -1124.0250647277837}