{"start_energy": -1096.854736328125, "end_energy": -1096.879150390625}