{"start_energy": -1130.5421887890518, "end_energy": -1130.778094863552}