{"start_energy": -1117.7764892578125, "end_energy": -1117.735595703125}