{"start_energy": -1123.8807098720674, "end_energy": -1124.0124582932003}