{"start_energy": -1134.4479442662437, "end_energy": -1122.5160439583863}