{"start_energy": -1139.4724402324273, "end_energy": -1124.4766309404063}