{"start_energy": -1125.6983983395135, "end_energy": -1105.8424086176217}