{"start_energy": -1130.4098435829708, "end_energy": -1129.9778888969424}