{"start_energy": -1160.6487963573081, "end_energy": -1143.6900205001782}