{"start_energy": -1092.3084716796875, "end_energy": -1092.2786865234375}