{"start_energy": -1116.0009613770944, "end_energy": -1116.579269703349}