{"start_energy": -1120.173496142944, "end_energy": -1121.1797369743545}