{"start_energy": -1126.8414770167408, "end_energy": -1126.456784268348}