{"start_energy": -1084.3599853515625, "end_energy": -1084.467529296875}