{"start_energy": -1084.543701171875, "end_energy": -1084.5435791015625}