{"start_energy": -1123.7155330999628, "end_energy": -1122.8965968426062}