{"start_energy": -1075.896484375, "end_energy": -1075.8079833984375}