{"start_energy": -1116.5442509670404, "end_energy": -1115.7874200963106}