{"start_energy": -1111.430419921875, "end_energy": -1111.7041015625}