{"start_energy": -1108.7188720703125, "end_energy": -1108.75732421875}