{"start_energy": -1083.80224609375, "end_energy": -1083.7945556640625}