{"start_energy": -1098.530517578125, "end_energy": -1098.4866943359375}