{"start_energy": -1099.523193359375, "end_energy": -1099.58642578125}