{"start_energy": -1088.7008056640625, "end_energy": -1088.797607421875}