{"start_energy": -1090.182373046875, "end_energy": -1090.0811767578125}