{"start_energy": -1117.8486328125, "end_energy": -1117.7281494140625}