{"start_energy": -1117.9080810546875, "end_energy": -1117.891845703125}