{"start_energy": -1114.6833233244483, "end_energy": -1105.0214455238447}