{"start_energy": -1096.678466796875, "end_energy": -1096.8350830078125}