{"start_energy": -1131.6450214161393, "end_energy": -1131.0921323804116}