{"start_energy": -1100.265869140625, "end_energy": -1100.33447265625}