{"start_energy": -1144.9902959544859, "end_energy": -1144.4299333811448}