{"start_energy": -1123.1634090382688, "end_energy": -1122.847496577006}