{"start_energy": -1120.524145750596, "end_energy": -1120.5135571490828}