{"start_energy": -1111.96338153014, "end_energy": -1111.9973499154614}