{"start_energy": -1128.546630859375, "end_energy": -1128.7120361328125}