{"start_energy": -1155.431884765625, "end_energy": -1155.39599609375}