{"start_energy": -1098.896484375, "end_energy": -1098.873046875}