{"start_energy": -1096.6766357421875, "end_energy": -1096.666259765625}