{"start_energy": -1084.6182861328125, "end_energy": -1084.6741943359375}