{"start_energy": -1118.6814301419558, "end_energy": -1118.605365568872}