{"start_energy": -1077.446533203125, "end_energy": -1077.5693359375}