{"start_energy": -1130.582145966864, "end_energy": -1130.3156720836755}