{"start_energy": -1088.2374267578125, "end_energy": -1088.478759765625}