{"start_energy": -1100.95849609375, "end_energy": -1100.927734375}