{"start_energy": -1088.3370361328125, "end_energy": -1088.2017822265625}