{"start_energy": -1118.4071411209572, "end_energy": -1118.4650159751109}