{"start_energy": -1078.9710693359375, "end_energy": -1079.0721435546875}