{"start_energy": -1140.7704273732243, "end_energy": -1139.8300223105741}