{"start_energy": -1115.1110070653679, "end_energy": -1114.6111713121734}