{"start_energy": -1113.27490234375, "end_energy": -1113.1143798828125}