{"start_energy": -1137.805419921875, "end_energy": -1137.818603515625}