{"start_energy": -1084.0340576171875, "end_energy": -1084.11669921875}