{"start_energy": -1084.974609375, "end_energy": -1084.509033203125}