{"start_energy": -1130.9736793999555, "end_energy": -1131.3359047746944}