{"start_energy": -1125.4317292622181, "end_energy": -1125.800872904465}