{"start_energy": -1130.3742666805522, "end_energy": -1130.5563764733313}