{"start_energy": -1129.16695246664, "end_energy": -1129.1826276567497}