{"start_energy": -1117.4538945206414, "end_energy": -1117.38121789339}