{"start_energy": -1113.5450565362314, "end_energy": -1113.744289280448}