{"start_energy": -1173.21533203125, "end_energy": -1172.9019775390625}