{"start_energy": -1130.6491425468064, "end_energy": -1130.8383600773225}