{"start_energy": -1123.1488836992999, "end_energy": -1123.677218875111}