{"start_energy": -1125.054753067315, "end_energy": -1123.9121472062006}