{"start_energy": -111320.15422811716, "end_energy": -1119.0328297981075}