{"start_energy": -1112.5691881446435, "end_energy": -1112.5586881318852}