{"start_energy": -1113.380702816909, "end_energy": -1113.147437492584}