{"start_energy": -1119.418621962537, "end_energy": -1107.1547844801873}