{"start_energy": -1123.9043502880943, "end_energy": -1123.247183446691}