{"start_energy": -1083.8590087890625, "end_energy": -1083.8861083984375}