{"start_energy": -1107.3006591796875, "end_energy": -1107.2742919921875}