{"start_energy": -111320.15422811716, "end_energy": -1120.0947545581637}