{"start_energy": -1134.0704483331845, "end_energy": -1134.00207749813}