{"start_energy": -1127.2296178939082, "end_energy": -1127.1281299430332}