{"start_energy": -1124.097825094351, "end_energy": -1124.0335798710294}