{"start_energy": -1130.8957939169748, "end_energy": -1131.5995370362716}