{"start_energy": -1117.9421621304252, "end_energy": -1117.5895388581257}