{"start_energy": -1116.9518838902209, "end_energy": -1116.5471746820128}