{"start_energy": -1077.702392578125, "end_energy": -1078.0848388671875}