{"start_energy": -1113.3275146484375, "end_energy": -1112.9530029296875}