{"start_energy": -1126.4173161516396, "end_energy": -1125.9322389695294}