{"start_energy": -1122.1063105643595, "end_energy": -1122.129006392365}