{"start_energy": -1129.8996118444745, "end_energy": -1129.4073862500948}