{"start_energy": -1098.896484375, "end_energy": -1098.999267578125}