{"start_energy": -1134.2566781509681, "end_energy": -1134.0512715070677}