{"start_energy": -1079.1395263671875, "end_energy": -1079.102783203125}