{"start_energy": -1118.317357867046, "end_energy": -1118.2660086439978}