{"start_energy": -1130.418212890625, "end_energy": -1130.6746826171875}