{"start_energy": -1129.5474013675412, "end_energy": -1129.861061088188}