{"start_energy": -1123.3550728821153, "end_energy": -1123.1894198977764}