{"start_energy": -1094.3109130859375, "end_energy": -1094.3126220703125}