{"start_energy": -1133.205439936321, "end_energy": -1132.384514610728}