{"start_energy": -1089.934326171875, "end_energy": -1089.8367919921875}