{"start_energy": -1105.774658203125, "end_energy": -1105.8572998046875}