{"start_energy": -1141.3466856295906, "end_energy": -1141.2768463883422}