{"start_energy": -1124.352723918669, "end_energy": -1124.1114536788261}