{"start_energy": -1119.9387338324175, "end_energy": -1120.4456483597576}