{"start_energy": -1116.598388671875, "end_energy": -1116.56884765625}