{"start_energy": -1096.6553955078125, "end_energy": -1096.697509765625}