{"start_energy": -1117.4637724586803, "end_energy": -1117.4203128656766}