{"start_energy": -1130.43832404336, "end_energy": -1130.4590944763368}