{"start_energy": -1123.8503724425755, "end_energy": -1123.9858065119902}