{"start_energy": -1131.334603139319, "end_energy": -1131.39468751629}