{"start_energy": -1117.8009033203125, "end_energy": -1117.80224609375}