{"start_energy": -1089.9061279296875, "end_energy": -1089.9971923828125}