{"start_energy": -1077.386962890625, "end_energy": -1077.491943359375}