{"start_energy": -1140.7934982323227, "end_energy": -1140.7384639409993}