{"start_energy": -1128.4814453125, "end_energy": -1128.4610595703125}