{"start_energy": -1081.220947265625, "end_energy": -1081.1912841796875}