{"start_energy": -1115.458254747763, "end_energy": -1115.2902635953371}