{"start_energy": -1115.6471466359067, "end_energy": -1115.65227818377}