{"start_energy": -1139.5163495372888, "end_energy": -1124.8887505143393}