{"start_energy": -1118.5665133313978, "end_energy": -1118.3321181402982}