{"start_energy": -1147.1140012653523, "end_energy": -1146.3738015266067}