{"start_energy": -1082.987060546875, "end_energy": -1082.921630859375}