{"start_energy": -1105.7095947265625, "end_energy": -1105.683837890625}