{"start_energy": -1133.3301833634605, "end_energy": -1133.7714245157517}