{"start_energy": -1120.0543847970273, "end_energy": -1120.120624982068}