{"start_energy": -1135.1529826880799, "end_energy": -1123.4573427444159}