{"start_energy": -1096.6553955078125, "end_energy": -1096.8565673828125}