{"start_energy": -89193.57964477377, "end_energy": -1116.2549541038325}