{"start_energy": -1138.9690677863464, "end_energy": -1123.4961518506873}