{"start_energy": -1139.7625150620609, "end_energy": -1139.5832313500744}