{"start_energy": -1098.0823974609375, "end_energy": -1097.8890380859375}