{"start_energy": -1120.936421357182, "end_energy": -1120.9710545244352}