{"start_energy": -1188.6092988423184, "end_energy": -1188.5080702597606}