{"start_energy": -1098.0167236328125, "end_energy": -1098.4200439453125}