{"start_energy": -1096.74267578125, "end_energy": -1096.673095703125}