{"start_energy": -1113.27490234375, "end_energy": -1113.146484375}