{"start_energy": -1138.786787833151, "end_energy": -1124.4137598658126}