{"start_energy": -1120.524145750596, "end_energy": -1120.6070730139884}