{"start_energy": -1116.3812826089606, "end_energy": -1116.5502957395795}