{"start_energy": -1118.5304179181624, "end_energy": -1118.2608315644318}