{"start_energy": -1099.969970703125, "end_energy": -1100.0577392578125}