{"start_energy": -1122.752949843269, "end_energy": -1122.668951556763}