{"start_energy": -1117.8396946366863, "end_energy": -1117.713991646096}