{"start_energy": -1117.570288835165, "end_energy": -1117.5729404136282}