{"start_energy": -1173.47900390625, "end_energy": -1173.72705078125}