{"start_energy": -1121.3965072144942, "end_energy": -1121.4065776837008}