{"start_energy": -1121.5211490266556, "end_energy": -1121.4821943825532}