{"start_energy": -1114.0163409074012, "end_energy": -1114.9789146742833}