{"start_energy": -1129.3601007969967, "end_energy": -1112.1078434860435}