{"start_energy": -1120.498291015625, "end_energy": -1120.56396484375}