{"start_energy": -1088.8994140625, "end_energy": -1088.994384765625}