{"start_energy": -1078.5003662109375, "end_energy": -1078.5899658203125}