{"start_energy": -1124.241253424386, "end_energy": -1124.5202739206525}