{"start_energy": -1159.5152587890625, "end_energy": -1159.4664306640625}