{"start_energy": -1115.6471466359067, "end_energy": -1115.557314080332}