{"start_energy": -1128.7662181498652, "end_energy": -1129.2893608248044}