{"start_energy": -1118.9563067417141, "end_energy": -1108.3303343588443}