{"start_energy": -1185.5456403898697, "end_energy": -1185.1962713723522}