{"start_energy": -1117.750190458743, "end_energy": -1118.3319577145169}