{"start_energy": -1130.0202823304453, "end_energy": -1130.051727496677}