{"start_energy": -1092.1153564453125, "end_energy": -1092.079345703125}