{"start_energy": -1117.8248195666408, "end_energy": -1104.5768482099581}