{"start_energy": -1132.5901811773422, "end_energy": -1132.4302743189921}