{"start_energy": -1108.7752685546875, "end_energy": -1108.792724609375}