{"start_energy": -1105.85693359375, "end_energy": -1105.8980712890625}