{"start_energy": -1113.8272705078125, "end_energy": -1113.885009765625}