{"start_energy": -1089.9420166015625, "end_energy": -1089.993896484375}