{"start_energy": -1139.4695400372664, "end_energy": -1139.5814038431492}