{"start_energy": -1110.589952083616, "end_energy": -1108.8347488549002}