{"start_energy": -1172.9906005859375, "end_energy": -1173.1199951171875}