{"start_energy": -1117.3994952066405, "end_energy": -1117.7361172476533}