{"start_energy": -1128.6285400390625, "end_energy": -1128.527099609375}