{"start_energy": -1100.024658203125, "end_energy": -1099.955810546875}