{"start_energy": -1117.7888132933356, "end_energy": -1104.0035834707292}