{"start_energy": -1123.4588034948492, "end_energy": -1122.2743750527115}