{"start_energy": -1117.484674960671, "end_energy": -1118.013946135345}