{"start_energy": -1116.1655092097567, "end_energy": -1116.461131374138}