{"start_energy": -1131.0354752880673, "end_energy": -1131.2212314218225}