{"start_energy": -1078.212646484375, "end_energy": -1078.210205078125}