{"start_energy": -1118.0524881590413, "end_energy": -1117.6707829506354}