{"start_energy": -1079.0172119140625, "end_energy": -1079.1409912109375}