{"start_energy": -1111.495849609375, "end_energy": -1111.4381103515625}