{"start_energy": -1100.1248779296875, "end_energy": -1100.0157470703125}