{"start_energy": -1141.5261600041933, "end_energy": -1140.8853881184946}