{"start_energy": -1119.8689647170881, "end_energy": -1106.7312428458663}