{"start_energy": -1122.3922220857162, "end_energy": -1122.2677939848581}