{"start_energy": -1112.1954573000323, "end_energy": -1103.101266981279}