{"start_energy": -1092.0439453125, "end_energy": -1092.0762939453125}