{"start_energy": -1096.7130126953125, "end_energy": -1096.712646484375}