{"start_energy": -1092.019775390625, "end_energy": -1092.0501708984375}