{"start_energy": -1082.996337890625, "end_energy": -1082.994140625}