{"start_energy": -1139.418175548826, "end_energy": -1120.2613041543104}