{"start_energy": -1114.858146498524, "end_energy": -1103.4360558263222}