{"start_energy": -1132.45458984375, "end_energy": -1132.3238525390625}