{"start_energy": -1113.051368056912, "end_energy": -1112.8289797832667}