{"start_energy": -1120.0540412435575, "end_energy": -1120.1607732374257}