{"start_energy": -1128.6607666015625, "end_energy": -1128.73486328125}