{"start_energy": -1118.1962532127743, "end_energy": -1117.8995978574428}