{"start_energy": -1111.4542236328125, "end_energy": -1111.459716796875}