{"start_energy": -1126.7866026720208, "end_energy": -1126.5656066875606}