{"start_energy": -1141.636297235523, "end_energy": -1141.29409621036}