{"start_energy": -1188.9216596344202, "end_energy": -1188.3218963426816}