{"start_energy": -1120.936421357182, "end_energy": -1120.2081799442158}