{"start_energy": -1111.8847900562714, "end_energy": -1112.0648777109518}