{"start_energy": -1134.0050182717464, "end_energy": -1132.8147337784126}