{"start_energy": -1131.5494197863147, "end_energy": -1131.3039730585544}