{"start_energy": -1117.9080810546875, "end_energy": -1117.927001953125}