{"start_energy": -1129.4846872700173, "end_energy": -1129.3123334319466}