{"start_energy": -1173.6064453125, "end_energy": -1172.53125}