{"start_energy": -1121.092613613887, "end_energy": -1121.0058155188922}