{"start_energy": -1117.5611894108683, "end_energy": -1116.150368630511}