{"start_energy": -1117.9371337983962, "end_energy": -1117.4060870130668}