{"start_energy": -1130.7603294911319, "end_energy": -1130.356024175411}