{"start_energy": -1123.4588034948492, "end_energy": -1123.2288676586957}