{"start_energy": -1094.811767578125, "end_energy": -1094.99609375}