{"start_energy": -1123.5691478043748, "end_energy": -1123.6417222548423}