{"start_energy": -1108.775390625, "end_energy": -1108.9185791015625}