{"start_energy": -1123.2471844061738, "end_energy": -1124.1109234480487}