{"start_energy": -1115.8806080117845, "end_energy": -1115.6048994474254}