{"start_energy": -1127.0213754980407, "end_energy": -1126.9185034238928}