{"start_energy": -1110.873316595155, "end_energy": -1110.026521955028}