{"start_energy": -1128.128187236886, "end_energy": -1117.0860970526269}