{"start_energy": -1132.9646061363223, "end_energy": -1132.8389129410496}