{"start_energy": -1116.616943359375, "end_energy": -1116.474853515625}