{"start_energy": -1137.0172589197102, "end_energy": -1136.1856626751976}