{"start_energy": -1124.1240588996, "end_energy": -1124.1521116638887}