{"start_energy": -1128.41015625, "end_energy": -1128.6256103515625}