{"start_energy": -1097.146240234375, "end_energy": -1097.1044921875}