{"start_energy": -1095.1754150390625, "end_energy": -1095.0860595703125}