{"start_energy": -1120.6599720109793, "end_energy": -1106.2053130868835}