{"start_energy": -1143.0112850402763, "end_energy": -1142.8886125944987}