{"start_energy": -1130.716830246056, "end_energy": -1130.7491473964376}