{"start_energy": -1077.4410400390625, "end_energy": -1076.5811767578125}