{"start_energy": -1078.148681640625, "end_energy": -1078.0089111328125}