{"start_energy": -1105.7147216796875, "end_energy": -1105.7747802734375}