{"start_energy": -1077.3121337890625, "end_energy": -1077.3658447265625}