{"start_energy": -1112.4570963304063, "end_energy": -1112.376768277399}