{"start_energy": -1113.606110074743, "end_energy": -1113.22692757774}