{"start_energy": -1136.028007182908, "end_energy": -1136.518765648203}