{"start_energy": -1118.561536594159, "end_energy": -1119.274580911653}