{"start_energy": -1113.4969211767518, "end_energy": -1113.7269353265613}