{"start_energy": -1111.8847900562714, "end_energy": -1112.085233289709}