{"start_energy": -1136.028007182908, "end_energy": -1136.4060170914277}