{"start_energy": -1131.5780482047653, "end_energy": -1115.9008106868237}