{"start_energy": -1120.0747170595635, "end_energy": -1120.2754633661868}