{"start_energy": -1109.37109375, "end_energy": -1109.4290771484375}