{"start_energy": -1096.9317626953125, "end_energy": -1096.69482421875}