{"start_energy": -1112.7523209499952, "end_energy": -1113.0767800938968}