{"start_energy": -1131.1449605808764, "end_energy": -1131.3128989749562}