{"start_energy": -1130.0085558370993, "end_energy": -1129.8810754318904}