{"start_energy": -1117.5932566547183, "end_energy": -1117.8132081005765}