{"start_energy": -1098.0301513671875, "end_energy": -1097.8729248046875}