{"start_energy": -1080.609130859375, "end_energy": -1080.981689453125}