{"start_energy": -1132.363525390625, "end_energy": -1132.3499755859375}