{"start_energy": -1077.398681640625, "end_energy": -1077.57763671875}