{"start_energy": -1123.5615372741368, "end_energy": -1123.6299270959016}