{"start_energy": -1078.97119140625, "end_energy": -1078.9471435546875}