{"start_energy": -1098.5660400390625, "end_energy": -1098.6368408203125}