{"start_energy": -1124.1614457950404, "end_energy": -1124.0020413709758}