{"start_energy": -1117.5611894108683, "end_energy": -1117.6428659832015}