{"start_energy": -1088.3370361328125, "end_energy": -1088.1602783203125}