{"start_energy": -1117.0507748188213, "end_energy": -1116.497131929847}