{"start_energy": -1116.1659482260466, "end_energy": -1116.0397583867261}