{"start_energy": -1132.6389329202796, "end_energy": -1132.9054874016335}