{"start_energy": -1158.4669249727501, "end_energy": -1139.574559870535}