{"start_energy": -1099.7305908203125, "end_energy": -1099.6641845703125}