{"start_energy": -1116.787082275245, "end_energy": -1116.6204564492812}