{"start_energy": -1112.7775369841504, "end_energy": -1113.0420034159147}