{"start_energy": -1174.0721435546875, "end_energy": -1174.407958984375}