{"start_energy": -1111.3677978515625, "end_energy": -1111.3594970703125}