{"start_energy": -1101.55078125, "end_energy": -1101.3975830078125}