{"start_energy": -1098.1480712890625, "end_energy": -1098.1317138671875}