{"start_energy": -1137.8623137322768, "end_energy": -1121.0005655200835}