{"start_energy": -1083.008544921875, "end_energy": -1083.0107421875}