{"start_energy": -1120.409423828125, "end_energy": -1120.3492431640625}