{"start_energy": -1134.2566781509681, "end_energy": -1133.9763895363942}