{"start_energy": -1173.21533203125, "end_energy": -1173.0836181640625}