{"start_energy": -1121.6125830333494, "end_energy": -1122.075473585554}