{"start_energy": -1123.2471844061738, "end_energy": -1124.456599329469}