{"start_energy": -1130.169013128035, "end_energy": -1130.0321345493787}