{"start_energy": -1140.4796653514463, "end_energy": -1140.610312637458}