{"start_energy": -1101.4832763671875, "end_energy": -1101.384521484375}