{"start_energy": -1116.677842745007, "end_energy": -1116.9431244345005}