{"start_energy": -1075.9766845703125, "end_energy": -1075.943603515625}