{"start_energy": -1127.0583893334592, "end_energy": -1126.9977122672783}