{"start_energy": -1123.990455068423, "end_energy": -1124.3472052730529}