{"start_energy": -1138.3516845703125, "end_energy": -1138.6435546875}