{"start_energy": -1135.9061936261198, "end_energy": -1135.8966717778046}