{"start_energy": -1116.4995470712613, "end_energy": -1116.1532851702204}