{"start_energy": -1098.11865234375, "end_energy": -1098.1285400390625}