{"start_energy": -1125.7827488710473, "end_energy": -1125.2764129258462}