{"start_energy": -1101.6070556640625, "end_energy": -1101.7105712890625}