{"start_energy": -1110.1665281583205, "end_energy": -1109.4433097745373}