{"start_energy": -1141.3411566074828, "end_energy": -1141.6261593734819}