{"start_energy": -1137.2824910377517, "end_energy": -1122.6527732895595}