{"start_energy": -1111.5857991626121, "end_energy": -1111.5114262005416}