{"start_energy": -1126.429781145219, "end_energy": -1126.3387754135847}