{"start_energy": -1098.1480712890625, "end_energy": -1098.1617431640625}