{"start_energy": -1116.811425128514, "end_energy": -1116.8601307823724}