{"start_energy": -1136.0599849998046, "end_energy": -1123.5044739643372}