{"start_energy": -1117.3080436068785, "end_energy": -1117.0596644151672}