{"start_energy": -1078.183837890625, "end_energy": -1078.4495849609375}