{"start_energy": -1112.8046985425806, "end_energy": -1112.0240529100524}