{"start_energy": -1099.626953125, "end_energy": -1099.603271484375}