{"start_energy": -1144.876950843913, "end_energy": -1145.0114083124533}