{"start_energy": -1137.8623137322768, "end_energy": -1119.6883663774374}