{"start_energy": -1126.3193794577526, "end_energy": -1126.192935021597}