{"start_energy": -1163.8891466915802, "end_energy": -1164.1594730650204}