{"start_energy": -1114.4751071042444, "end_energy": -1114.4238265348722}