{"start_energy": -1100.440673828125, "end_energy": -1100.6082763671875}