{"start_energy": -1125.14842224169, "end_energy": -1124.383711694926}