{"start_energy": -1130.0177084760483, "end_energy": -1129.5003636998683}