{"start_energy": -1116.474853515625, "end_energy": -1116.546142578125}