{"start_energy": -1118.3495388066276, "end_energy": -1118.5275780955208}