{"start_energy": -1100.2540283203125, "end_energy": -1100.287109375}