{"start_energy": -1136.2183062307702, "end_energy": -1136.7417306112757}