{"start_energy": -1128.6607666015625, "end_energy": -1128.427978515625}