{"start_energy": -1083.133544921875, "end_energy": -1083.2275390625}