{"start_energy": -1109.7705078125, "end_energy": -1109.751708984375}