{"start_energy": -1081.5015869140625, "end_energy": -1081.3367919921875}