{"start_energy": -1097.953125, "end_energy": -1098.2601318359375}