{"start_energy": -1134.8584715956356, "end_energy": -1134.9969913417494}