{"start_energy": -1123.5615372741368, "end_energy": -1123.1801964759118}