{"start_energy": -1122.752949843269, "end_energy": -1122.7373851465345}