{"start_energy": -1132.3505859375, "end_energy": -1132.3409423828125}