{"start_energy": -1126.8980064779007, "end_energy": -1126.9550988379965}