{"start_energy": -1098.4619140625, "end_energy": -1098.5892333984375}