{"start_energy": -1139.532909069661, "end_energy": -1120.421463242125}