{"start_energy": -1123.3550728821153, "end_energy": -1123.4549239857022}