{"start_energy": -1117.93994140625, "end_energy": -1117.83642578125}