{"start_energy": -1084.533935546875, "end_energy": -1084.9610595703125}