{"start_energy": -1130.43832404336, "end_energy": -1130.3706334482663}