{"start_energy": -1072.88671875, "end_energy": -1072.9046630859375}