{"start_energy": -13664.55335974806, "end_energy": -1121.16546650941}