{"start_energy": -1140.7704273732243, "end_energy": -1140.323864083095}