{"start_energy": -1144.2505689969014, "end_energy": -1143.9275756383336}