{"start_energy": -1078.0655517578125, "end_energy": -1078.328857421875}