{"start_energy": -1155.010650457205, "end_energy": -1153.9472561484004}