{"start_energy": -1122.46931972299, "end_energy": -1106.1674158332103}