{"start_energy": -1113.8348388671875, "end_energy": -1113.650390625}