{"start_energy": -1081.276611328125, "end_energy": -1081.2755126953125}