{"start_energy": -1084.3599853515625, "end_energy": -1084.3387451171875}