{"start_energy": -1139.322021484375, "end_energy": -1139.099365234375}