{"start_energy": -1146.807234105097, "end_energy": -1146.39613639443}