{"start_energy": -1131.8809814453125, "end_energy": -1132.0965576171875}