{"start_energy": -1111.9302253511125, "end_energy": -1111.8728385514048}