{"start_energy": -1176.459228515625, "end_energy": -1177.2982177734375}