{"start_energy": -1139.1521455386146, "end_energy": -1139.3024373398164}