{"start_energy": -1126.8254341474117, "end_energy": -1127.2871972386354}