{"start_energy": -1166.5859217492193, "end_energy": -1165.8496657476278}