{"start_energy": -1098.5888671875, "end_energy": -1098.37646484375}