{"start_energy": -1109.31787109375, "end_energy": -1109.459228515625}