{"start_energy": -1142.839004292986, "end_energy": -1142.9987011629612}