{"start_energy": -1110.0108877754387, "end_energy": -1109.756191969756}