{"start_energy": -1130.1069575512415, "end_energy": -1129.9095324916586}