{"start_energy": -1100.01513671875, "end_energy": -1100.060302734375}