{"start_energy": -1126.467991860287, "end_energy": -1126.2274893835336}