{"start_energy": -1140.328470545663, "end_energy": -1124.5417907302324}