{"start_energy": -1078.0662841796875, "end_energy": -1078.0858154296875}