{"start_energy": -1135.076899193881, "end_energy": -1119.8870592221888}