{"start_energy": -1099.5743408203125, "end_energy": -1099.6282958984375}