{"start_energy": -1131.6965533498706, "end_energy": -1115.9406787977262}