{"start_energy": -1117.7499279280144, "end_energy": -1116.3562061412986}