{"start_energy": -1148.1928896111124, "end_energy": -1148.2571123963564}