{"start_energy": -1119.9985118981704, "end_energy": -1120.026981121481}