{"start_energy": -1124.5745849609375, "end_energy": -1124.5972900390625}