{"start_energy": -1108.656982421875, "end_energy": -1108.7501220703125}