{"start_energy": -1115.998446288079, "end_energy": -1103.8324455809989}