{"start_energy": -1111.3707275390625, "end_energy": -1111.45849609375}