{"start_energy": -1111.4561767578125, "end_energy": -1111.3944091796875}