{"start_energy": -1118.6258708802188, "end_energy": -1118.3631111486516}