{"start_energy": -1136.0778515168663, "end_energy": -1121.852242518378}