{"start_energy": -1098.530517578125, "end_energy": -1098.5093994140625}