{"start_energy": -1115.1890379664464, "end_energy": -1115.6197945739955}