{"start_energy": -1089.908203125, "end_energy": -1089.955322265625}