{"start_energy": -1124.8130218669392, "end_energy": -1124.703889879308}