{"start_energy": -1123.0007685942662, "end_energy": -1123.1801980286084}