{"start_energy": -1077.94921875, "end_energy": -1077.8753662109375}