{"start_energy": -1078.26904296875, "end_energy": -1078.2413330078125}