{"start_energy": -1113.606110074743, "end_energy": -1113.6206521213082}