{"start_energy": -9280.960543324689, "end_energy": -1136.3196762201133}