{"start_energy": -1130.682861328125, "end_energy": -1130.732421875}