{"start_energy": -1109.836669921875, "end_energy": -1109.82177734375}