{"start_energy": -1109.3710598998491, "end_energy": -1109.2229165805127}