{"start_energy": -1106.006591796875, "end_energy": -1105.956298828125}