{"start_energy": -1128.5714111328125, "end_energy": -1128.491455078125}