{"start_energy": -1129.16695246664, "end_energy": -1129.0892630451178}