{"start_energy": -1159.62548828125, "end_energy": -1159.5765380859375}