{"start_energy": -1126.6356219057172, "end_energy": -1126.7575568875739}