{"start_energy": -1085.216796875, "end_energy": -1085.3294677734375}