{"start_energy": -1081.1290283203125, "end_energy": -1081.334716796875}