{"start_energy": -1118.558879748124, "end_energy": -1118.7722838948655}