{"start_energy": -1104.3421630859375, "end_energy": -1104.468505859375}