{"start_energy": -1119.9519087727986, "end_energy": -1107.2191828606924}