{"start_energy": -1108.856201171875, "end_energy": -1108.8428955078125}