{"start_energy": -1120.0540412435575, "end_energy": -1119.8926047328607}