{"start_energy": -1129.7887151779214, "end_energy": -1129.8968080350542}