{"start_energy": -1101.4932289123535, "end_energy": -1101.4116325378418}