{"start_energy": -1117.0102687702836, "end_energy": -1115.277607544686}