{"start_energy": -1077.8634033203125, "end_energy": -1077.9342041015625}