{"start_energy": -1099.5074462890625, "end_energy": -1099.5157470703125}