{"start_energy": -1126.2801309186095, "end_energy": -1126.039002383278}