{"start_energy": -1140.3904446328795, "end_energy": -1139.7628661005272}