{"start_energy": -1122.0966069881988, "end_energy": -1121.5215571887363}