{"start_energy": -1123.8581684104604, "end_energy": -1123.9397017574772}