{"start_energy": -1122.2557865017327, "end_energy": -1107.0462278305376}