{"start_energy": -1142.5831298828125, "end_energy": -1142.9896240234375}