{"start_energy": -1124.097825094351, "end_energy": -1123.9865152742163}