{"start_energy": -1131.6965533498706, "end_energy": -1116.0427499189645}