{"start_energy": -1097.6907958984375, "end_energy": -1097.670654296875}