{"start_energy": -1100.2174072265625, "end_energy": -1100.26171875}