{"start_energy": -1133.5648735400318, "end_energy": -1133.9546126412383}