{"start_energy": -1116.4736328125, "end_energy": -1116.524658203125}