{"start_energy": -1079.0191650390625, "end_energy": -1079.0367431640625}