{"start_energy": -1101.55078125, "end_energy": -1101.361572265625}