{"start_energy": -1129.4301662233079, "end_energy": -1129.5257072788752}