{"start_energy": -1123.9314947913433, "end_energy": -1123.951763980892}