{"start_energy": -1142.8170166015625, "end_energy": -1142.723876953125}