{"start_energy": -1124.9016601188266, "end_energy": -1124.7231125826995}