{"start_energy": -1098.1650390625, "end_energy": -1098.198974609375}