{"start_energy": -1079.2347412109375, "end_energy": -1079.1971435546875}