{"start_energy": -1122.046823373298, "end_energy": -1121.9482391816991}