{"start_energy": -1159.2230224609375, "end_energy": -1159.390380859375}