{"start_energy": -1124.2480374251863, "end_energy": -1123.4409941531046}