{"start_energy": -1123.5243309557102, "end_energy": -1123.741891763286}