{"start_energy": -1121.2656585849556, "end_energy": -1121.210104345524}