{"start_energy": -1077.947021484375, "end_energy": -1078.0126953125}