{"start_energy": -1097.5032958984375, "end_energy": -1097.5335693359375}