{"start_energy": -1127.345539168112, "end_energy": -1127.068577041896}