{"start_energy": -1116.6275634765625, "end_energy": -1116.644287109375}