{"start_energy": -1078.0850830078125, "end_energy": -1077.8173828125}