{"start_energy": -1105.7755126953125, "end_energy": -1105.8717041015625}