{"start_energy": -1101.443603515625, "end_energy": -1101.478515625}