{"start_energy": -1091.9871826171875, "end_energy": -1092.085693359375}