{"start_energy": -1104.4324951171875, "end_energy": -1104.3526611328125}