{"start_energy": -1107.1507568359375, "end_energy": -1107.001220703125}