{"start_energy": -1142.6468505859375, "end_energy": -1142.5989990234375}