{"start_energy": -1139.510009765625, "end_energy": -1139.4915771484375}