{"start_energy": -1078.5687255859375, "end_energy": -1078.630126953125}