{"start_energy": -1114.5498718988265, "end_energy": -1114.4393958317123}