{"start_energy": -1109.6856689453125, "end_energy": -1109.7054443359375}