{"start_energy": -1111.3310546875, "end_energy": -1111.3165283203125}