{"start_energy": -1087.4891357421875, "end_energy": -1087.4493408203125}