{"start_energy": -1084.6427001953125, "end_energy": -1084.7518310546875}