{"start_energy": -1100.1248779296875, "end_energy": -1100.0543212890625}