{"start_energy": -1081.350341796875, "end_energy": -1081.3223876953125}