{"start_energy": -1095.0001220703125, "end_energy": -1095.4052734375}