{"start_energy": -1118.898010388395, "end_energy": -1118.8343101960784}