{"start_energy": -1132.280029296875, "end_energy": -1132.2989501953125}