{"start_energy": -1113.1728924432705, "end_energy": -1112.966348294906}