{"start_energy": -1134.8645888172598, "end_energy": -1122.640101079316}