{"start_energy": -1121.0318646492321, "end_energy": -1121.6285044570436}