{"start_energy": -1109.836669921875, "end_energy": -1109.7720947265625}