{"start_energy": -1134.2360325905618, "end_energy": -1133.8851113417657}