{"start_energy": -1129.9095312910567, "end_energy": -1130.0533070313377}