{"start_energy": -1135.9432332931603, "end_energy": -1123.5072927973122}