{"start_energy": -1121.9495908652889, "end_energy": -1122.2470096696613}