{"start_energy": -1117.750190458743, "end_energy": -1117.838073164558}