{"start_energy": -1093.6199951171875, "end_energy": -1093.62451171875}