{"start_energy": -1174.7408447265625, "end_energy": -1174.5701904296875}