{"start_energy": -1118.069182364013, "end_energy": -1118.5665355217527}