{"start_energy": -1080.16943359375, "end_energy": -1080.072509765625}