{"start_energy": -1106.0068359375, "end_energy": -1106.01953125}