{"start_energy": -1081.2657470703125, "end_energy": -1081.322998046875}