{"start_energy": -1130.43832404336, "end_energy": -1130.5019881396665}