{"start_energy": -1137.85888671875, "end_energy": -1137.9246826171875}