{"start_energy": -1134.70290737607, "end_energy": -1134.636778019104}