{"start_energy": -1173.21533203125, "end_energy": -1173.4088134765625}