{"start_energy": -1075.9168701171875, "end_energy": -1075.867919921875}