{"start_energy": -1123.6882130242475, "end_energy": -1122.1056715317443}