{"start_energy": -1100.2738037109375, "end_energy": -1100.238525390625}