{"start_energy": -1112.1954573000323, "end_energy": -1102.739142077055}