{"start_energy": -1130.7579345703125, "end_energy": -1130.65380859375}