{"start_energy": -1095.0001220703125, "end_energy": -1095.0555419921875}