{"start_energy": -1111.39697265625, "end_energy": -1111.2958984375}