{"start_energy": -1100.287353515625, "end_energy": -1099.9781494140625}