{"start_energy": -1133.5255319838882, "end_energy": -1132.7408487617447}