{"start_energy": -1133.6090643618488, "end_energy": -1132.3113694959084}