{"start_energy": -1078.1661376953125, "end_energy": -1077.9918212890625}