{"start_energy": -1087.473388671875, "end_energy": -1087.376220703125}