{"start_energy": -1088.153076171875, "end_energy": -1088.1982421875}