{"start_energy": -1099.04052734375, "end_energy": -1099.01171875}