{"start_energy": -1117.8248195666408, "end_energy": -1103.7618093930048}