{"start_energy": -1077.7158203125, "end_energy": -1077.881591796875}