{"start_energy": -1188.5898067484684, "end_energy": -1188.4292924548804}