{"start_energy": -1116.6790111732614, "end_energy": -1116.5451839463992}