{"start_energy": -1126.9763486650281, "end_energy": -1126.5565895834086}