{"start_energy": -1137.8751220703125, "end_energy": -1137.848876953125}