{"start_energy": -1084.0340576171875, "end_energy": -1083.824462890625}