{"start_energy": -1138.9314482537764, "end_energy": -1118.1484431022413}