{"start_energy": -1082.987060546875, "end_energy": -1082.967529296875}