{"start_energy": -1129.9095312910567, "end_energy": -1129.7985918986076}