{"start_energy": -1096.9654541015625, "end_energy": -1096.944091796875}