{"start_energy": -1109.840041555596, "end_energy": -1109.8394105383745}