{"start_energy": -1109.5545654296875, "end_energy": -1109.3238525390625}