{"start_energy": -1112.2906494140625, "end_energy": -1112.2117919921875}