{"start_energy": -1100.440673828125, "end_energy": -1100.3511962890625}