{"start_energy": -1125.2603538965525, "end_energy": -1124.5944780010263}