{"start_energy": -1142.0721435546875, "end_energy": -1142.1856689453125}