{"start_energy": -1163.8891466915802, "end_energy": -1163.8810433705273}