{"start_energy": -1091.2735595703125, "end_energy": -1091.311767578125}