{"start_energy": -1100.10546875, "end_energy": -1100.24560546875}