{"start_energy": -1135.034360040116, "end_energy": -1134.8941843880064}