{"start_energy": -1122.6255312688904, "end_energy": -1122.6465517436156}