{"start_energy": -1087.424072265625, "end_energy": -1087.4991455078125}