{"start_energy": -1142.850567984796, "end_energy": -1143.2398245454015}