{"start_energy": -1113.0634765625, "end_energy": -1112.9744873046875}