{"start_energy": -1153.8121709514885, "end_energy": -1154.4010705165856}