{"start_energy": -1116.589639607051, "end_energy": -1116.2289114009234}