{"start_energy": -1130.8383592561972, "end_energy": -1130.5033497754137}