{"start_energy": -1080.0623779296875, "end_energy": -1080.0989990234375}