{"start_energy": -1112.855224609375, "end_energy": -1112.8388671875}