{"start_energy": -1159.4046630859375, "end_energy": -1159.20751953125}