{"start_energy": -1130.0202823304453, "end_energy": -1129.7389690316481}