{"start_energy": -1105.94921875, "end_energy": -1105.923583984375}