{"start_energy": -1123.935900899021, "end_energy": -1123.8992075867468}