{"start_energy": -1104.38671875, "end_energy": -1104.4615478515625}