{"start_energy": -1118.4996102492446, "end_energy": -1116.2067171190736}