{"start_energy": -1072.845703125, "end_energy": -1072.86279296875}