{"start_energy": -1079.134521484375, "end_energy": -1079.1416015625}