{"start_energy": -1117.5611894108683, "end_energy": -1117.7254327010817}