{"start_energy": -1147.952703670423, "end_energy": -1147.8280956171734}