{"start_energy": -1160.6487963573081, "end_energy": -1143.8551252631776}