{"start_energy": -1164.1187706586386, "end_energy": -1164.0474546120374}