{"start_energy": -1128.7662181498652, "end_energy": -1128.3255689783255}