{"start_energy": -1091.525146484375, "end_energy": -1091.553955078125}