{"start_energy": -1100.2220458984375, "end_energy": -1100.2293701171875}