{"start_energy": -1114.3489124916703, "end_energy": -1114.3725142028666}