{"start_energy": -1175.3348388671875, "end_energy": -1174.731689453125}