{"start_energy": -1124.8303809913943, "end_energy": -1125.0282891817317}