{"start_energy": -1126.467991860287, "end_energy": -1126.5669754471896}