{"start_energy": -1116.6940598380177, "end_energy": -1116.7473518106206}