{"start_energy": -1117.7190498211082, "end_energy": -1117.9547934410134}