{"start_energy": -1120.936421357182, "end_energy": -1121.210104533974}