{"start_energy": -1116.3522669704257, "end_energy": -1104.211812148348}