{"start_energy": -1145.777085134578, "end_energy": -1145.9637959638624}