{"start_energy": -1105.8460693359375, "end_energy": -1105.8372802734375}