{"start_energy": -1092.0948486328125, "end_energy": -1091.9949951171875}