{"start_energy": -4315.873427326359, "end_energy": -1111.9802647910567}