{"start_energy": -9146.392490583326, "end_energy": -1122.3964385274164}