{"start_energy": -1117.7764892578125, "end_energy": -1117.7364501953125}