{"start_energy": -1078.23193359375, "end_energy": -1078.2398681640625}