{"start_energy": -1104.46533203125, "end_energy": -1104.286376953125}