{"start_energy": -1087.852207183838, "end_energy": -1087.7338333129883}