{"start_energy": -1077.702392578125, "end_energy": -1077.877197265625}