{"start_energy": -1128.4169921875, "end_energy": -1128.5030517578125}