{"start_energy": -1091.525146484375, "end_energy": -1091.6298828125}