{"start_energy": -1123.718826463051, "end_energy": -1124.0756873364594}