{"start_energy": -1130.4286267048842, "end_energy": -1130.1925531962065}