{"start_energy": -1126.8254341474117, "end_energy": -1127.1422095678554}