{"start_energy": -1111.45849609375, "end_energy": -1111.4442138671875}