{"start_energy": -1110.656828163504, "end_energy": -1110.5279958207816}