{"start_energy": -1109.6406396323914, "end_energy": -1110.0310700903194}