{"start_energy": -1099.04052734375, "end_energy": -1098.982666015625}