{"start_energy": -1131.5698114561696, "end_energy": -1132.0703470809524}