{"start_energy": -1109.4205322265625, "end_energy": -1109.39208984375}