{"start_energy": -1116.8753556680551, "end_energy": -1116.747351518765}