{"start_energy": -1096.74267578125, "end_energy": -1096.699462890625}