{"start_energy": -1078.9278564453125, "end_energy": -1078.9815673828125}