{"start_energy": -1096.8048095703125, "end_energy": -1096.9027099609375}