{"start_energy": -1118.3866774584037, "end_energy": -1107.0777291971465}