{"start_energy": -1143.1592832481883, "end_energy": -1143.2120420469769}