{"start_energy": -1117.5183688268025, "end_energy": -1117.460337407993}