{"start_energy": -1122.50827534848, "end_energy": -1122.3707159819091}