{"start_energy": -1116.474853515625, "end_energy": -1116.601318359375}