{"start_energy": -1185.5456403898697, "end_energy": -1185.979961787672}