{"start_energy": -1188.2896695909776, "end_energy": -1186.9961481893033}