{"start_energy": -1117.3994952066405, "end_energy": -1117.4820665752018}