{"start_energy": -1099.9786376953125, "end_energy": -1099.8116455078125}