{"start_energy": -1122.046823373298, "end_energy": -1122.1065990026539}