{"start_energy": -1072.981689453125, "end_energy": -1072.8232421875}