{"start_energy": -1127.3106808479206, "end_energy": -1126.8705875492033}