{"start_energy": -1124.4381298909425, "end_energy": -1122.6434267601744}