{"start_energy": -1098.8466796875, "end_energy": -1098.7308349609375}