{"start_energy": -1117.4637724586803, "end_energy": -1117.2594921667262}