{"start_energy": -1097.912109375, "end_energy": -1098.014404296875}