{"start_energy": -1136.0599849998046, "end_energy": -1124.0466974223075}