{"start_energy": -1099.69775390625, "end_energy": -1099.764892578125}