{"start_energy": -1118.4267924063236, "end_energy": -1118.091071981002}