{"start_energy": -1124.5081580905455, "end_energy": -1124.2926950409403}