{"start_energy": -1105.72607421875, "end_energy": -1105.774658203125}