{"start_energy": -1123.3550728821153, "end_energy": -1123.6256271317936}