{"start_energy": -1097.6864013671875, "end_energy": -1097.6346435546875}