{"start_energy": -1078.0751953125, "end_energy": -1078.1214599609375}