{"start_energy": -1099.3345947265625, "end_energy": -1099.2305908203125}