{"start_energy": -1126.7510547356903, "end_energy": -1126.3557858816102}