{"start_energy": -1077.9420166015625, "end_energy": -1077.814208984375}