{"start_energy": -1122.2557865017327, "end_energy": -1106.4083567041737}