{"start_energy": -1088.1964111328125, "end_energy": -1088.2374267578125}