{"start_energy": -1188.2896695909776, "end_energy": -1187.3761704557041}