{"start_energy": -1121.1545735328066, "end_energy": -1120.924116136736}