{"start_energy": -1131.5494197863147, "end_energy": -1131.2705386177581}