{"start_energy": -1117.810791015625, "end_energy": -1117.8507080078125}