{"start_energy": -1159.3203125, "end_energy": -1159.2305908203125}