{"start_energy": -1128.398681640625, "end_energy": -1128.4378662109375}