{"start_energy": -1148.273698921974, "end_energy": -1148.0835714477398}