{"start_energy": -1124.5589898328878, "end_energy": -1124.954757983566}