{"start_energy": -1137.9141845703125, "end_energy": -1137.8748779296875}