{"start_energy": -1131.5690392037895, "end_energy": -1131.0726464715774}