{"start_energy": -1082.176025390625, "end_energy": -1082.2557373046875}