{"start_energy": -1118.1497276934053, "end_energy": -1106.8168262177678}