{"start_energy": -1116.464111328125, "end_energy": -1116.498779296875}