{"start_energy": -1115.6298837258155, "end_energy": -1115.564742401614}