{"start_energy": -1099.9671630859375, "end_energy": -1100.0816650390625}