{"start_energy": -1087.376220703125, "end_energy": -1087.3409423828125}