{"start_energy": -1123.9736131424013, "end_energy": -1124.1293545207932}