{"start_energy": -1123.5615372741368, "end_energy": -1123.7017983206986}