{"start_energy": -1134.6073185799116, "end_energy": -1134.8288683190679}