{"start_energy": -1123.4588034948492, "end_energy": -1123.226091861679}