{"start_energy": -1113.6591295780697, "end_energy": -1113.6259324030177}