{"start_energy": -1140.7097837490535, "end_energy": -1140.9499728879114}