{"start_energy": -1105.1190185546875, "end_energy": -1105.14208984375}