{"start_energy": -1156.737964141623, "end_energy": -1139.6874848547761}