{"start_energy": -1105.94921875, "end_energy": -1105.8651123046875}