{"start_energy": -1121.7953384283098, "end_energy": -1121.4808096749252}