{"start_energy": -1083.16943359375, "end_energy": -1083.1990966796875}