{"start_energy": -1116.589639607051, "end_energy": -1116.677842272433}