{"start_energy": -1077.241455078125, "end_energy": -1076.994873046875}