{"start_energy": -1136.1735590166863, "end_energy": -1135.9910492695358}