{"start_energy": -1195.1648299888632, "end_energy": -1172.0482426491246}