{"start_energy": -1116.6790111732614, "end_energy": -1116.576143897494}