{"start_energy": -1113.2661607935063, "end_energy": -1112.8368708783864}