{"start_energy": -1133.495330626919, "end_energy": -1120.358609607179}