{"start_energy": -1080.2578125, "end_energy": -1080.2552490234375}