{"start_energy": -1079.7706298828125, "end_energy": -1079.7894287109375}