{"start_energy": -1115.7735289637117, "end_energy": -1115.7427176449903}