{"start_energy": -1117.5265121454188, "end_energy": -1117.5579365879817}