{"start_energy": -1134.3295241084102, "end_energy": -1134.2911704154262}