{"start_energy": -1122.5496892697222, "end_energy": -1122.0636755924584}