{"start_energy": -1101.6453857421875, "end_energy": -1101.5731201171875}