{"start_energy": -1088.6224365234375, "end_energy": -1088.4781494140625}