{"start_energy": -1113.9222753730105, "end_energy": -1114.0527861695746}