{"start_energy": -1188.6092988423184, "end_energy": -1186.9259002425301}