{"start_energy": -1138.54987102416, "end_energy": -1138.3857788777948}