{"start_energy": -1116.8447487088608, "end_energy": -1117.2025367931342}