{"start_energy": -1117.8808844802807, "end_energy": -1118.0437723783916}