{"start_energy": -1096.6707763671875, "end_energy": -1096.727783203125}