{"start_energy": -1139.5163495372888, "end_energy": -1124.960080198438}