{"start_energy": -1195.2990792196783, "end_energy": -1171.5927239601772}