{"start_energy": -1122.6255312688904, "end_energy": -1122.6065318228268}