{"start_energy": -1100.2735595703125, "end_energy": -1100.251708984375}