{"start_energy": -1188.9216596344202, "end_energy": -1189.1213204399994}