{"start_energy": -1104.6514892578125, "end_energy": -1104.708251953125}