{"start_energy": -1115.7082117115667, "end_energy": -1115.5527047571943}