{"start_energy": -1121.2952029275034, "end_energy": -1121.3444693707884}