{"start_energy": -1081.38916015625, "end_energy": -1081.334716796875}