{"start_energy": -1110.0108877754387, "end_energy": -1109.6817190470379}