{"start_energy": -1116.575927734375, "end_energy": -1116.7640380859375}