{"start_energy": -1115.4060823648226, "end_energy": -1115.1634698666937}