{"start_energy": -1076.8197021484375, "end_energy": -1076.8250732421875}