{"start_energy": -1081.119140625, "end_energy": -1081.1158447265625}