{"start_energy": -1113.198252506633, "end_energy": -1113.1285861573551}