{"start_energy": -1096.8048095703125, "end_energy": -1097.09375}