{"start_energy": -1120.3714599609375, "end_energy": -1120.4273681640625}