{"start_energy": -1155.343821225957, "end_energy": -1155.1080906051352}