{"start_energy": -1142.059657614613, "end_energy": -1141.6065671020253}