{"start_energy": -1091.5498046875, "end_energy": -1091.6328125}