{"start_energy": -1105.8460693359375, "end_energy": -1105.802978515625}