{"start_energy": -1113.56201171875, "end_energy": -1113.593017578125}