{"start_energy": -1121.0862016807678, "end_energy": -1121.385387305946}