{"start_energy": -1080.05126953125, "end_energy": -1080.0408935546875}