{"start_energy": -1115.9622796424674, "end_energy": -1116.0761130544035}