{"start_energy": -1100.287353515625, "end_energy": -1100.086669921875}