{"start_energy": -1098.0823974609375, "end_energy": -1098.4188232421875}