{"start_energy": -1124.5996060545167, "end_energy": -1123.9497842518686}