{
  "c0": 0.1888827021005401,
  "c1_0": -0.22149671398453022,
  "c2_d0000_0_00": 0.03802289833944301,
  "c2_d0001_0_00": 0.010158350385726034,
  "c2_d0002_0_00": -0.008170298023286919,
  "c2_d0003_0_00": 0.004109228958790685,
  "c3_d0000_0_000": -0.01045001159113937,
  "c3_d0001_0_000": -0.004194496022639153,
  "c4_d0000_0_0000": 1.3857662277214687e-06,
  "c4_d0001_0_0000": -0.000299444923373063,
  "c4_d0002_0_0000": 0.0019038926495082574
}