,mean,std,rmsd
10,322.00666666666666,29.219817476044117,36.57992770784424
15,307.09777777777776,26.6734865353335,27.60169076946797
20,314.84444444444443,31.05547406071597,34.420923869065454
25,313.46444444444444,26.254224257403315,29.505517374815774
30,317.74444444444447,26.782233377583694,32.127143248868755
