{"start_energy": -10618.027352627554, "end_energy": -1122.4254151686441}