{"start_energy": -1100.234619140625, "end_energy": -1100.2052001953125}