{"start_energy": -1129.3123334699585, "end_energy": -1129.2825381045163}