{"start_energy": -1123.6667897780694, "end_energy": -1123.1605887270973}