{"start_energy": -1118.898010388395, "end_energy": -1118.5012196019632}