{"start_energy": -1123.9314947913433, "end_energy": -1123.8168973273273}