{"start_energy": -1122.5816065601182, "end_energy": -1122.4668977677497}