{"start_energy": -1104.38671875, "end_energy": -1104.3863525390625}