{"start_energy": -1115.606025873785, "end_energy": -1115.473870774975}