{"start_energy": -1130.645263671875, "end_energy": -1130.6683349609375}