{"start_energy": -1122.2557865017327, "end_energy": -1106.7293814797213}