{"start_energy": -1089.86767578125, "end_energy": -1089.8043212890625}