{"start_energy": -1120.0543847970273, "end_energy": -1120.1364516567455}