{"start_energy": -1115.4060823648226, "end_energy": -1114.4756642736652}