{"start_energy": -1188.5729869860643, "end_energy": -1188.1241449131815}