{"start_energy": -1118.898010388395, "end_energy": -1119.004683804687}