{"start_energy": -1129.8735674253771, "end_energy": -1129.6965797418693}