{"start_energy": -1080.2578125, "end_energy": -1080.4239501953125}