{"start_energy": -1115.9825527297035, "end_energy": -1116.355391959021}