{"start_energy": -1100.146240234375, "end_energy": -1100.2808837890625}