{"start_energy": -1095.1533203125, "end_energy": -1095.119384765625}