{"start_energy": -1114.0163409074012, "end_energy": -1114.335002709678}