{"start_energy": -1120.495849609375, "end_energy": -1120.4503173828125}