{"start_energy": -1117.9320878941573, "end_energy": -1117.8400009843865}