{"start_energy": -1134.4479442662437, "end_energy": -1122.0676900715844}