{"start_energy": -1072.839111328125, "end_energy": -1072.90087890625}