{"start_energy": -1177.566650390625, "end_energy": -1177.82666015625}