{"start_energy": -1118.5211135166824, "end_energy": -1118.1899315810476}