{"start_energy": -1111.3707275390625, "end_energy": -1111.4010009765625}