{"start_energy": -1099.8524169921875, "end_energy": -1099.713134765625}