{"start_energy": -1096.656982421875, "end_energy": -1096.7982177734375}