{"start_energy": -1127.0583893334592, "end_energy": -1127.0668264025574}