{"start_energy": -1113.7865337439387, "end_energy": -1113.7169056265952}