{"start_energy": -1085.90576171875, "end_energy": -1086.05322265625}