{"start_energy": -1112.844672632563, "end_energy": -1112.791133562457}