{"start_energy": -1139.635009765625, "end_energy": -1139.6695556640625}