{"start_energy": -1147.806416891507, "end_energy": -1147.6827812548233}