{"start_energy": -1107.034912109375, "end_energy": -1107.12841796875}