{"start_energy": -1100.22998046875, "end_energy": -1100.18359375}