{"start_energy": -1118.0336791154689, "end_energy": -1117.9523112446852}