{"start_energy": -1131.8502878010947, "end_energy": -1131.8559971465945}