{"start_energy": -1129.3601007969967, "end_energy": -1111.5449837883214}