{"start_energy": -1120.7522772969085, "end_energy": -1107.310335534684}