{"start_energy": -1108.874755859375, "end_energy": -1109.0006103515625}