{"start_energy": -1098.7281494140625, "end_energy": -1098.62744140625}