{"start_energy": -1091.3726806640625, "end_energy": -1091.44140625}