{"start_energy": -1096.715087890625, "end_energy": -1096.6939697265625}