{"start_energy": -1124.5127890768622, "end_energy": -1115.75548924883}