{"start_energy": -1126.506650259526, "end_energy": -1126.1219099519049}