{"start_energy": -1116.589639607051, "end_energy": -1116.9981827295646}