{"start_energy": -1113.668701171875, "end_energy": -1113.833740234375}