{"start_energy": -1133.8363457678283, "end_energy": -1123.7456964471187}