{"start_energy": -1107.1768798828125, "end_energy": -1107.157470703125}