{"start_energy": -1139.479134458689, "end_energy": -1124.3497976775095}