{"start_energy": -89193.57964477377, "end_energy": -1115.7248438247386}