{"start_energy": -1114.4951938638517, "end_energy": -1114.3661876126578}