{"start_energy": -1077.7252197265625, "end_energy": -1077.777099609375}