{"start_energy": -1106.9827880859375, "end_energy": -1107.0565185546875}