{"start_energy": -1119.8287353515625, "end_energy": -1120.540771484375}