{"start_energy": -1089.86767578125, "end_energy": -1090.1920166015625}