{"start_energy": -1112.2179672993175, "end_energy": -1112.542222641068}