{"start_energy": -1155.3867040268526, "end_energy": -1155.3308825595434}