{"start_energy": -1147.952703670423, "end_energy": -1148.1794254680078}