{"start_energy": -1131.9726396037522, "end_energy": -1122.5562001917426}