{"start_energy": -1144.5225955843655, "end_energy": -1144.8520313788513}