{"start_energy": -1117.3943230019622, "end_energy": -1117.6472602246683}