{"start_energy": -1139.2954637167388, "end_energy": -1139.2756758135533}