{"start_energy": -1112.49092339778, "end_energy": -1112.540587704128}