{"start_energy": -1130.2619642584723, "end_energy": -1129.8510937296385}