{"start_energy": -1117.0102687702836, "end_energy": -1116.2440959954156}