{"start_energy": -1147.98578804947, "end_energy": -1147.8509403217315}