{"start_energy": -1123.935900899021, "end_energy": -1122.0790737412126}