{"start_energy": -1084.5548095703125, "end_energy": -1084.4613037109375}