{"start_energy": -1081.348876953125, "end_energy": -1081.4012451171875}