{"start_energy": -1112.467116815021, "end_energy": -1112.7056411642511}