{"start_energy": -1105.7755126953125, "end_energy": -1106.005615234375}