{"start_energy": -1116.3522669704257, "end_energy": -1104.6186736935717}