{"start_energy": -1126.6356219057172, "end_energy": -1126.3742830446313}