{"start_energy": -1079.2740478515625, "end_energy": -1079.173095703125}