{"start_energy": -1135.6349676116436, "end_energy": -1120.5316980561734}