{"start_energy": -1116.4930168121855, "end_energy": -1103.6831210865848}