{"start_energy": -1113.0604180854816, "end_energy": -1113.1682843545589}