{"start_energy": -1132.9795495018282, "end_energy": -1132.462741908287}