{"start_energy": -1121.3248014775272, "end_energy": -1121.9025686058758}