{"start_energy": -1146.8161317973709, "end_energy": -1147.2463285063607}