{"start_energy": -1116.8753556680551, "end_energy": -1116.9549760478178}