{"start_energy": -1135.4621519342522, "end_energy": -1119.9578084312006}