{"start_energy": -1117.93994140625, "end_energy": -1117.91748046875}