{"start_energy": -1128.6384567664736, "end_energy": -1127.7204818348232}