{"start_energy": -1117.7862548828125, "end_energy": -1117.92431640625}