{"start_energy": -1188.3859398314034, "end_energy": -1188.0048311629434}