{"start_energy": -1123.5392622617237, "end_energy": -1123.6085333516048}