{"start_energy": -1123.734131764087, "end_energy": -1123.7353814365513}