{"start_energy": -1117.9121054783445, "end_energy": -1114.40915942326}