{"start_energy": -1155.009396973708, "end_energy": -1154.360915352372}