{"start_energy": -1132.752288843436, "end_energy": -1119.1078611636196}