{"start_energy": -1121.5211490266556, "end_energy": -1121.1693181157689}