{"start_energy": -1107.2703857421875, "end_energy": -1107.3514404296875}