{"start_energy": -1131.0084992622337, "end_energy": -1129.8259896967784}