{"start_energy": -1127.0800588634245, "end_energy": -1126.8890053038692}