{"start_energy": -1143.2947762876217, "end_energy": -1143.3948324556502}