{"start_energy": -1122.69707506668, "end_energy": -1122.7292771197153}