{"start_energy": -1100.369873046875, "end_energy": -1100.18896484375}