{"start_energy": -1076.85205078125, "end_energy": -1076.6474609375}