{"start_energy": -1078.0751953125, "end_energy": -1078.067138671875}