{"start_energy": -1113.8967739617415, "end_energy": -1113.964508394262}