{"start_energy": -1130.6307013460985, "end_energy": -1130.3530311180355}