{"start_energy": -1131.5690392037895, "end_energy": -1131.6477538728202}