{"start_energy": -1096.9317626953125, "end_energy": -1096.61279296875}