{"start_energy": -1080.06787109375, "end_energy": -1080.1346435546875}