{"start_energy": -1125.5534685189264, "end_energy": -1125.4555946641558}