{"start_energy": -1094.4674072265625, "end_energy": -1094.3184814453125}