{"start_energy": -1129.6436125985672, "end_energy": -1118.0281996294095}