{"start_energy": -1142.986255281725, "end_energy": -1142.7245996450667}