{"start_energy": -1141.5261600041933, "end_energy": -1140.919833261588}