{"start_energy": -1107.1531982421875, "end_energy": -1107.0631103515625}