{"start_energy": -1121.6770648907868, "end_energy": -1121.6205880099928}