{"start_energy": -1113.5571585529751, "end_energy": -1113.545057079192}