{"start_energy": -1130.169013128035, "end_energy": -1129.8680896654537}