{"start_energy": -1112.4376925540726, "end_energy": -1111.8663816016788}