{"start_energy": -1082.5556640625, "end_energy": -1082.54736328125}