{"start_energy": -1123.734131764087, "end_energy": -1123.2394166740942}