{"start_energy": -1078.694580078125, "end_energy": -1078.6444091796875}