{"start_energy": -1116.9991944166322, "end_energy": -1104.5140997060637}