{"start_energy": -1129.947282866789, "end_energy": -1130.0887575666345}