{"start_energy": -1109.99698876532, "end_energy": -1109.533895588695}