{"start_energy": -1135.4663700887209, "end_energy": -1120.7275188575634}