{"start_energy": -1082.607421875, "end_energy": -1082.6241455078125}