{"start_energy": -1139.532909069661, "end_energy": -1119.2521147883344}