{"start_energy": -1126.5513916015625, "end_energy": -1126.6795654296875}