{"start_energy": -1111.50341796875, "end_energy": -1111.4381103515625}