{"start_energy": -1122.9779174096154, "end_energy": -1123.1117118874631}