{"start_energy": -1128.1091207130373, "end_energy": -1127.9314716361491}