{"start_energy": -1089.8677978515625, "end_energy": -1089.9344482421875}