{"start_energy": -1136.0599849998046, "end_energy": -1124.4607252122032}