{"start_energy": -1112.7523209499952, "end_energy": -1113.153635311367}