{"start_energy": -1130.645263671875, "end_energy": -1130.7396240234375}