{"start_energy": -1098.11865234375, "end_energy": -1098.0338134765625}