{"start_energy": -31962.79267859272, "end_energy": -1112.621224476973}