{"start_energy": -1118.6556710688862, "end_energy": -1118.2522683346208}