{"start_energy": -1130.6511737050016, "end_energy": -1130.4383237855702}