{"start_energy": -1082.607421875, "end_energy": -1082.4947509765625}