{"start_energy": -6544.7434550799235, "end_energy": -1113.2769503974637}