{"start_energy": -1087.4913330078125, "end_energy": -1087.5618896484375}