{"start_energy": -1108.716796875, "end_energy": -1108.728759765625}