{"start_energy": -1117.8396946366863, "end_energy": -1117.6316325762305}