{"start_energy": -1131.2684075786037, "end_energy": -1130.6786818815851}