{"start_energy": -1114.4751071042444, "end_energy": -1114.3257268793473}