{"start_energy": -1139.2232133073044, "end_energy": -1137.7887620747551}