{"start_energy": -1084.533935546875, "end_energy": -1084.702880859375}