{"start_energy": -1112.082763671875, "end_energy": -1112.0782470703125}