{"start_energy": -1117.0507748188213, "end_energy": -1114.6783093025165}