{"start_energy": -1121.2416680591814, "end_energy": -1121.2262942036875}