{"start_energy": -1114.4884033203125, "end_energy": -1114.550048828125}