{"start_energy": -1126.5638587138187, "end_energy": -1117.7791804092797}