{"start_energy": -1107.034912109375, "end_energy": -1106.9776611328125}