{"start_energy": -1109.812255859375, "end_energy": -1109.7579345703125}