{"start_energy": -1094.2911376953125, "end_energy": -1094.2913818359375}