{"start_energy": -1111.640096356686, "end_energy": -1111.5762027151134}