{"start_energy": -1152.938619250229, "end_energy": -1136.313595087764}