{"start_energy": -1096.7022705078125, "end_energy": -1096.8521728515625}