{"start_energy": -1076.85205078125, "end_energy": -1076.8961181640625}