{"start_energy": -1101.5054931640625, "end_energy": -1101.4390869140625}