{"start_energy": -1089.191650390625, "end_energy": -1089.275634765625}