{"start_energy": -1096.9765625, "end_energy": -1097.1036376953125}