{"start_energy": -1077.757080078125, "end_energy": -1077.9940185546875}