{"start_energy": -74886.1070315478, "end_energy": -1116.1449066299451}