{"start_energy": -1147.113067800212, "end_energy": -1147.143284891926}