{"start_energy": -1129.16695246664, "end_energy": -1129.4452202033121}