{"start_energy": -1129.300537109375, "end_energy": -1129.3671875}