{"start_energy": -1117.5265121454188, "end_energy": -1117.4985927394137}