{"start_energy": -1174.7408447265625, "end_energy": -1176.3193359375}