{"start_energy": -1096.8497314453125, "end_energy": -1096.8406982421875}