{"start_energy": -1114.7998858414442, "end_energy": -1114.6904928289105}