{"start_energy": -1091.418701171875, "end_energy": -1091.4732666015625}