{"start_energy": -1078.2218017578125, "end_energy": -1077.992919921875}