{"start_energy": -1116.9009215210685, "end_energy": -1116.7813795476116}