{"start_energy": -1076.7462158203125, "end_energy": -1077.005615234375}