{"start_energy": -1147.806416891507, "end_energy": -1148.0565078272634}