{"start_energy": -1120.4197998046875, "end_energy": -1120.411865234375}