{"start_energy": -1123.614168117189, "end_energy": -1124.7828389484043}