{"start_energy": -1100.2738037109375, "end_energy": -1100.1888427734375}