{"start_energy": -1129.8099423394472, "end_energy": -1129.7017241906447}