{"start_energy": -1088.93896484375, "end_energy": -1088.9044189453125}