{"start_energy": -1123.7981424203608, "end_energy": -1123.8026550662248}