{"start_energy": -1098.69384765625, "end_energy": -1098.64794921875}