{"start_energy": -1082.503662109375, "end_energy": -1082.2750244140625}