{"start_energy": -1124.5589898328878, "end_energy": -1124.4919361282841}