{"start_energy": -1113.27490234375, "end_energy": -1112.9097900390625}