{"start_energy": -1094.5074462890625, "end_energy": -1094.4652099609375}