{"start_energy": -1083.013427734375, "end_energy": -1082.9271240234375}