{"start_energy": -1072.783935546875, "end_energy": -1072.8905029296875}