{"start_energy": -1078.0662841796875, "end_energy": -1078.08154296875}