{"start_energy": -1126.7866026720208, "end_energy": -1127.3270449927434}