{"start_energy": -1117.5142419455713, "end_energy": -1117.4561797216377}