{"start_energy": -1128.561347474633, "end_energy": -1128.994855132773}