{"start_energy": -1136.85787908205, "end_energy": -1124.139060533594}