{"start_energy": -1072.783935546875, "end_energy": -1073.0335693359375}