{"start_energy": -1159.49951171875, "end_energy": -1159.5401611328125}