{"start_energy": -1139.532909069661, "end_energy": -1119.9988543169202}