{"start_energy": -1156.737964141623, "end_energy": -1139.3163487130105}