{"start_energy": -1124.8303809913943, "end_energy": -1124.5472680144635}