{"start_energy": -1096.7332763671875, "end_energy": -1096.865234375}