{"start_energy": -1126.501708984375, "end_energy": -1126.534912109375}