{"start_energy": -1118.0524881590413, "end_energy": -1118.1378293877285}