{"start_energy": -1108.87841796875, "end_energy": -1108.8909912109375}