{"start_energy": -1123.908077471576, "end_energy": -1123.7812540219986}