{"start_energy": -1132.752288843436, "end_energy": -1119.4155641333214}