{"start_energy": -1138.54987102416, "end_energy": -1138.4219091161726}