{"start_energy": -1117.9161721919754, "end_energy": -1118.1925929370705}