{"start_energy": -1088.7633056640625, "end_energy": -1088.8074951171875}