{"start_energy": -1129.746057585291, "end_energy": -1129.6952962241608}