{"start_energy": -1094.288330078125, "end_energy": -1093.99462890625}