{"start_energy": -1096.697509765625, "end_energy": -1096.677978515625}