{"start_energy": -1129.3611466690013, "end_energy": -1129.2323926674774}