{"start_energy": -1128.8256963820766, "end_energy": -1128.8653929956583}