{"start_energy": -1127.0800588634245, "end_energy": -1125.9261849027155}