{"start_energy": -1121.0862016807678, "end_energy": -1120.9090057548635}