{"start_energy": -1109.6856689453125, "end_energy": -1109.8565673828125}