{"start_energy": -1078.0655517578125, "end_energy": -1078.2423095703125}