{"start_energy": -1117.0507748188213, "end_energy": -1117.321013531581}