{"start_energy": -1125.14842224169, "end_energy": -1125.6969793258254}