{"start_energy": -1099.523193359375, "end_energy": -1099.578857421875}