{"start_energy": -1075.926601409912, "end_energy": -1075.9282569885254}