{"start_energy": -1139.8349350290334, "end_energy": -1139.6260833744761}