{"start_energy": -1090.7921142578125, "end_energy": -1090.806884765625}