{"start_energy": -1084.0322265625, "end_energy": -1084.068359375}