{"start_energy": -1131.8502878010947, "end_energy": -1131.3844438788005}