{"start_energy": -1077.94189453125, "end_energy": -1077.87158203125}