{"start_energy": -1076.772705078125, "end_energy": -1076.9005126953125}