{"start_energy": -1106.9827880859375, "end_energy": -1106.9661865234375}