{"start_energy": -1133.011557099737, "end_energy": -1133.4245008220428}