{"start_energy": -1117.402949841762, "end_energy": -1117.5038168734204}