{"start_energy": -1109.4576416015625, "end_energy": -1109.550537109375}