{"start_energy": -1098.09130859375, "end_energy": -1098.1324462890625}