{"start_energy": -1129.7413336428572, "end_energy": -1129.2527512812412}