{"start_energy": -1113.6739385935957, "end_energy": -1113.7499428845192}