{"start_energy": -1119.020674620665, "end_energy": -1119.055183233618}