{"start_energy": -1130.198054579347, "end_energy": -1116.9652186149685}