{"start_energy": -1110.6513890066162, "end_energy": -1110.8404907426832}