{"start_energy": -1152.2628721870012, "end_energy": -1151.8270411595524}