{"start_energy": -1113.8272705078125, "end_energy": -1113.8934326171875}