{"start_energy": -1146.787207178109, "end_energy": -1146.543963743615}