{"start_energy": -1096.6810302734375, "end_energy": -1096.752197265625}