{"start_energy": -1077.114990234375, "end_energy": -1077.1041259765625}