{"start_energy": -1117.74169921875, "end_energy": -1117.657470703125}