{"start_energy": -1135.0578237236643, "end_energy": -1134.9612818880792}