{"start_energy": -1116.4272584419725, "end_energy": -1116.258062753524}