{"start_energy": -1092.04541015625, "end_energy": -1091.8900146484375}