{"start_energy": -1123.7712893658497, "end_energy": -1123.4408820010499}