{"start_energy": -1138.985587823366, "end_energy": -1118.6268506877022}