{"start_energy": -1119.0468913298214, "end_energy": -1118.9676889896418}