{"start_energy": -1099.5743408203125, "end_energy": -1099.5294189453125}