{"start_energy": -1118.559321637547, "end_energy": -1118.7958848303576}