{"start_energy": -1077.501953125, "end_energy": -1077.8138427734375}