{"start_energy": -1084.57568359375, "end_energy": -1084.2650146484375}