{"start_energy": -1113.380702816909, "end_energy": -1112.9861502791498}