{"start_energy": -1091.978759765625, "end_energy": -1092.24951171875}