{"start_energy": -1113.2770130548358, "end_energy": -1113.6079453905725}