{"start_energy": -1100.03125, "end_energy": -1099.9141845703125}