{"start_energy": -1135.0578237236643, "end_energy": -1134.4840511343216}