{"start_energy": -1116.6240748202947, "end_energy": -1116.6107459818209}