{"start_energy": -1080.609130859375, "end_energy": -1080.704345703125}