{"start_energy": -1111.3310546875, "end_energy": -1111.4857177734375}