{"start_energy": -1115.1924198696472, "end_energy": -1104.853406610974}