{"start_energy": -1138.54987102416, "end_energy": -1136.7149526572723}