{"start_energy": -1100.247314453125, "end_energy": -1100.130615234375}