{"start_energy": -1078.1834716796875, "end_energy": -1078.223388671875}