{"start_energy": -1114.0612085317841, "end_energy": -1105.1089274519031}