{"start_energy": -1116.420654296875, "end_energy": -1116.5616455078125}