{"start_energy": -1100.02490234375, "end_energy": -1099.9776611328125}