{"start_energy": -1130.7152099609375, "end_energy": -1130.6873779296875}