{"start_energy": -1072.845703125, "end_energy": -1073.0126953125}