{"start_energy": -1084.688232421875, "end_energy": -1084.6805419921875}