{"start_energy": -1077.38037109375, "end_energy": -1077.407958984375}