{"start_energy": -1139.7625150620609, "end_energy": -1140.1814022539163}