{"start_energy": -1121.5975058391607, "end_energy": -1121.7029695167685}