{"start_energy": -1118.1962532127743, "end_energy": -1118.147460202171}