{"start_energy": -1114.27628721358, "end_energy": -1114.6365029516835}