{"start_energy": -1130.7603294911319, "end_energy": -1131.0244644685417}