{"start_energy": -1127.345539168112, "end_energy": -1126.3781178345032}