{"start_energy": -1138.4751423582647, "end_energy": -1138.6030621199395}