{"start_energy": -1153.1259996538656, "end_energy": -1136.5878730899988}