{"start_energy": -1110.1665281583205, "end_energy": -1110.0074629131154}