{"start_energy": -1080.16943359375, "end_energy": -1080.1485595703125}