{"start_energy": -1129.7413336428572, "end_energy": -1129.1604985393571}