{"start_energy": -1124.241253424386, "end_energy": -1122.9232127735963}