{"start_energy": -1118.5088664011985, "end_energy": -1116.8960606797518}