{"start_energy": -1105.85693359375, "end_energy": -1106.0556640625}