{"start_energy": -1122.64498794676, "end_energy": -1123.1450506555673}