{"start_energy": -1087.376220703125, "end_energy": -1087.3939208984375}