{"start_energy": -1131.0084992622337, "end_energy": -1131.0290373012133}