{"start_energy": -1080.2578125, "end_energy": -1080.515869140625}