{"start_energy": -1121.9196678668904, "end_energy": -1122.0853268543995}