{"start_energy": -1077.4410400390625, "end_energy": -1077.04150390625}