{"start_energy": -1138.9314482537764, "end_energy": -1118.796674131669}