{"start_energy": -1156.737964141623, "end_energy": -1140.405581532755}