{"start_energy": -1139.76123046875, "end_energy": -1139.5272216796875}