{"start_energy": -1100.736083984375, "end_energy": -1100.8055419921875}