{"start_energy": -1107.1905517578125, "end_energy": -1107.1961669921875}