{"start_energy": -1087.37109375, "end_energy": -1087.3990478515625}