{"start_energy": -1118.6814301419558, "end_energy": -1118.1692434684571}