{"start_energy": -1080.05224609375, "end_energy": -1080.0985107421875}