{"start_energy": -1110.589952083616, "end_energy": -1110.3315008036413}