{"start_energy": -1116.4930168121855, "end_energy": -1103.7934192703303}