{"start_energy": -1174.0721435546875, "end_energy": -1176.4466552734375}