{"start_energy": -1118.8365901768568, "end_energy": -1118.693201099123}