{"start_energy": -1098.76708984375, "end_energy": -1098.7950439453125}