{"start_energy": -1077.0294189453125, "end_energy": -1076.7462158203125}