{"start_energy": -1123.734131764087, "end_energy": -1123.5794612206814}