{"start_energy": -1135.5631103515625, "end_energy": -1135.478759765625}