{"start_energy": -1130.081976901555, "end_energy": -1130.38472546116}