{"start_energy": -1118.3495388066276, "end_energy": -1118.5098770621012}