{"start_energy": -1117.9080810546875, "end_energy": -1117.9400634765625}