{"start_energy": -1080.0706787109375, "end_energy": -1080.0802001953125}