{"start_energy": -1117.7938247842428, "end_energy": -1117.8856751970477}