{"start_energy": -1123.5615372741368, "end_energy": -1123.3431147012168}