{"start_energy": -1142.986255281725, "end_energy": -1143.0485657483366}