{"start_energy": -89193.57964477377, "end_energy": -1115.8635257501585}