{"start_energy": -1100.22998046875, "end_energy": -1100.1956787109375}