{"start_energy": -1091.3128662109375, "end_energy": -1091.264404296875}