{"start_energy": -1159.2828369140625, "end_energy": -1159.3037109375}