{"start_energy": -1188.5729869860643, "end_energy": -1188.3180287729506}