{"start_energy": -1130.682861328125, "end_energy": -1130.67724609375}