{"start_energy": -1134.709088649976, "end_energy": -1119.867809619249}