{"start_energy": -1121.0318646492321, "end_energy": -1120.961192252566}