{"start_energy": -1134.2608120640714, "end_energy": -1119.9900900702194}