{"start_energy": -1091.466552734375, "end_energy": -1091.4993896484375}