{"start_energy": -1130.202161808375, "end_energy": -1129.3923888645961}