{"start_energy": -1088.5947265625, "end_energy": -1088.63330078125}