{"start_energy": -1113.6268310546875, "end_energy": -1113.7618408203125}