{"start_energy": -1139.52001953125, "end_energy": -1139.6285400390625}