{"start_energy": -1116.9518838902209, "end_energy": -1116.9844270913345}