{"start_energy": -1078.991455078125, "end_energy": -1078.9119873046875}