{"start_energy": -1098.68212890625, "end_energy": -1098.7686767578125}