{"start_energy": -1139.5760498046875, "end_energy": -1139.4266357421875}