{"start_energy": -1176.459228515625, "end_energy": -1176.783935546875}