{"start_energy": -1134.4019303164607, "end_energy": -1134.368042607423}