{"start_energy": -1188.4332394133971, "end_energy": -1188.2149702694592}