{"start_energy": -1130.716830246056, "end_energy": -1130.8431326829455}