{"start_energy": -1157.3558224395658, "end_energy": -1157.5298240914897}