{"start_energy": -1126.2801309186095, "end_energy": -1124.675317165381}