{"start_energy": -1142.839004292986, "end_energy": -1141.126682696858}