{"start_energy": -1123.7418914353514, "end_energy": -1123.9881450055957}