{"start_energy": -1098.066650390625, "end_energy": -1098.5986328125}