{"start_energy": -1118.8880768019646, "end_energy": -1119.0046846171144}