{"start_energy": -1084.6427001953125, "end_energy": -1084.5667724609375}