{"start_energy": -1135.438594939915, "end_energy": -1135.3399887075936}