{"start_energy": -74886.1070315478, "end_energy": -1116.0828940253707}