{"start_energy": -1166.3167181684016, "end_energy": -1166.04961779159}