{"start_energy": -1101.6070556640625, "end_energy": -1101.8455810546875}