{"start_energy": -1137.9508056640625, "end_energy": -1137.77685546875}