{"start_energy": -1122.0966069881988, "end_energy": -1122.0468223225298}