{"start_energy": -1087.4884033203125, "end_energy": -1087.4183349609375}