{"start_energy": -1123.9043502880943, "end_energy": -1123.7256148500585}