{"start_energy": -1130.1069575512415, "end_energy": -1129.6439574629703}