{"start_energy": -1097.18408203125, "end_energy": -1097.150634765625}