{"start_energy": -1132.9646061363223, "end_energy": -1132.6502910033985}