{"start_energy": -1188.3859398314034, "end_energy": -1186.3738416585709}