{"start_energy": -1121.5630105835871, "end_energy": -1120.9332300503988}