{"start_energy": -1123.5691478043748, "end_energy": -1123.5098962111163}