{"start_energy": -1142.01953125, "end_energy": -1142.0145263671875}