{"start_energy": -1129.746057585291, "end_energy": -1129.7236862283708}