{"start_energy": -1129.7076956485992, "end_energy": -1129.973431983306}