{"start_energy": -1147.9751252744766, "end_energy": -1148.1386327269126}