{"start_energy": -1105.776123046875, "end_energy": -1105.693603515625}