{"start_energy": -1079.0733642578125, "end_energy": -1079.1092529296875}