{"start_energy": -1130.9736793999555, "end_energy": -1130.7733338192202}