{"start_energy": -1121.2656585849556, "end_energy": -1120.888089035712}