{"start_energy": -1111.9302253511125, "end_energy": -1111.9729571429941}