{"start_energy": -1082.503662109375, "end_energy": -1082.3114013671875}