{"start_energy": -1135.9432332931603, "end_energy": -1123.841770650949}