{"start_energy": -1072.88671875, "end_energy": -1073.23779296875}