{"start_energy": -1157.3102418596688, "end_energy": -1157.3526951216033}