{"start_energy": -1159.5152587890625, "end_energy": -1159.455078125}