{"start_energy": -1117.7944988180882, "end_energy": -1117.5813375606233}