{"start_energy": -1130.9807451689776, "end_energy": -1131.1272117295532}