{"start_energy": -1130.6307013460985, "end_energy": -1129.8579374786582}