{"start_energy": -1155.4379006333463, "end_energy": -1154.4153002348303}