{"start_energy": -1089.923583984375, "end_energy": -1089.82275390625}