{"start_energy": -1085.216796875, "end_energy": -1085.5687255859375}