{"start_energy": -1122.3922220857162, "end_energy": -1121.8510221302704}