{"start_energy": -1125.7187078737272, "end_energy": -1126.2112086777959}