{"start_energy": -1126.2801309186095, "end_energy": -1125.9658397484345}