{"start_energy": -1100.31982421875, "end_energy": -1100.2171630859375}