{"start_energy": -1098.3363037109375, "end_energy": -1098.513671875}