{"start_energy": -1083.95849609375, "end_energy": -1084.1260986328125}