{"start_energy": -1196.815701778152, "end_energy": -1172.2688505322658}