{"start_energy": -1129.8099423394472, "end_energy": -1129.724977519227}