{"start_energy": -1098.0301513671875, "end_energy": -1098.0816650390625}