{"start_energy": -1117.2913818359375, "end_energy": -1117.2525634765625}