{"start_energy": -1117.1543658210098, "end_energy": -1104.1937041112246}