{"start_energy": -1078.9703369140625, "end_energy": -1078.9842529296875}