{"start_energy": -1134.2608120640714, "end_energy": -1120.3155261515894}