{"start_energy": -1117.27099609375, "end_energy": -1117.193603515625}