{"start_energy": -1140.7097837490535, "end_energy": -1140.5820306419862}