{"start_energy": -1116.5343017578125, "end_energy": -1116.655029296875}