{"start_energy": -1113.4969211767518, "end_energy": -1113.6392327764058}