{"start_energy": -1129.6436125985672, "end_energy": -1117.7125352578598}