{"start_energy": -1113.367022418108, "end_energy": -1113.287512161747}