{"start_energy": -1188.4332394133971, "end_energy": -1188.424252438809}