{"start_energy": -1124.57763671875, "end_energy": -1124.4776611328125}