{"start_energy": -1104.498779296875, "end_energy": -1104.4305419921875}