{"start_energy": -1077.889404296875, "end_energy": -1077.8865966796875}