{"start_energy": -1116.464111328125, "end_energy": -1116.589599609375}