{"start_energy": -1129.2262605696822, "end_energy": -1129.367384434007}