{"start_energy": -10618.027352627554, "end_energy": -1123.4523704045966}