{"start_energy": -1112.4570963304063, "end_energy": -1111.68234818103}