{"start_energy": -1097.0279541015625, "end_energy": -1096.8216552734375}