{"start_energy": -1144.9902959544859, "end_energy": -1145.3820544345328}