{"start_energy": -1188.7293130733042, "end_energy": -1188.3511230368285}