{"start_energy": -1126.8980064779007, "end_energy": -1126.5262696640348}