{"start_energy": -1159.527099609375, "end_energy": -1159.5655517578125}