{"start_energy": -1100.0244140625, "end_energy": -1100.0643310546875}