{"start_energy": -1127.6880110227162, "end_energy": -1127.500035521499}