{"start_energy": -1113.2770130548358, "end_energy": -1113.5199562564196}