{"start_energy": -1109.99698876532, "end_energy": -1110.03402254371}