{"start_energy": -1146.1745540450192, "end_energy": -1146.563229940392}