{"start_energy": -1085.9053955078125, "end_energy": -1085.91796875}