{"start_energy": -1124.664946055118, "end_energy": -1124.6742869002333}