{"start_energy": -1091.260009765625, "end_energy": -1091.6148681640625}