{"start_energy": -1113.5459967660715, "end_energy": -1113.5151493490046}