{"start_energy": -1100.441650390625, "end_energy": -1100.0081787109375}