{"start_energy": -1122.046823373298, "end_energy": -1122.096607681597}