{"start_energy": -1141.636297235523, "end_energy": -1141.2162031465473}