{"start_energy": -1113.7865337439387, "end_energy": -1113.8682201423937}