{"start_energy": -1131.9801165244405, "end_energy": -1131.9018561080545}