{"start_energy": -1118.157450172108, "end_energy": -1117.3596399329062}