{"start_energy": -1147.952703670423, "end_energy": -1147.7933113991094}