{"start_energy": -1117.8754526312146, "end_energy": -1118.887250381731}