{"start_energy": -1142.0352477521737, "end_energy": -1142.1378130738572}