{"start_energy": -1126.8361767660472, "end_energy": -1126.746908448126}