{"start_energy": -1077.501953125, "end_energy": -1077.4766845703125}