{"start_energy": -1125.14842224169, "end_energy": -1125.2197918571926}