{"start_energy": -1125.7827488710473, "end_energy": -1125.5766187980576}