{"start_energy": -1091.4774169921875, "end_energy": -1091.4638671875}