{"start_energy": -1098.76708984375, "end_energy": -1098.927978515625}