{"start_energy": -1116.567626953125, "end_energy": -1116.6136474609375}