{"start_energy": -1100.67724609375, "end_energy": -1100.71484375}