{"start_energy": -1160.3003305267011, "end_energy": -1143.0391451806784}