{"start_energy": -1098.8466796875, "end_energy": -1098.8560791015625}