{"start_energy": -1104.4324951171875, "end_energy": -1104.402587890625}