{"start_energy": -1081.2738037109375, "end_energy": -1081.3546142578125}