{"start_energy": -1112.4438769440023, "end_energy": -1112.0005256485683}