{"start_energy": -1115.1842535976964, "end_energy": -1105.3163282135547}