{"start_energy": -1117.1563262471466, "end_energy": -1116.4974709975695}