{"start_energy": -1124.4381298909425, "end_energy": -1124.376129502852}