{"start_energy": -1097.7786865234375, "end_energy": -1097.8350830078125}