{"start_energy": -1105.774658203125, "end_energy": -1105.76220703125}