{"start_energy": -1123.908077471576, "end_energy": -1123.6168577505725}