{"start_energy": -1156.8614320313352, "end_energy": -1138.9727001727706}