{"start_energy": -1078.5687255859375, "end_energy": -1078.7174072265625}