{"start_energy": -1117.810791015625, "end_energy": -1117.914306640625}