{"start_energy": -1133.833984375, "end_energy": -1133.8968505859375}