{"start_energy": -1113.4936530876676, "end_energy": -1112.7495520957395}