{"start_energy": -1072.894775390625, "end_energy": -1072.821044921875}