{"start_energy": -1097.211669921875, "end_energy": -1097.2427978515625}