{"start_energy": -1112.4270256444604, "end_energy": -1111.967137953123}