{"start_energy": -1078.0655517578125, "end_energy": -1078.23291015625}