{"start_energy": -1117.8421223120997, "end_energy": -1117.762543199439}