{"start_energy": -1089.8250732421875, "end_energy": -1089.810302734375}