{"start_energy": -1131.334603139319, "end_energy": -1131.1561503988678}