{"start_energy": -1119.5327305967255, "end_energy": -1119.5236604407612}