{"start_energy": -1117.721372649309, "end_energy": -1117.3494536542712}