{"start_energy": -1114.7998858414442, "end_energy": -1114.4969434379664}