{"start_energy": -1123.5967052858025, "end_energy": -1123.820784844298}