{"start_energy": -1112.8345947265625, "end_energy": -1112.814453125}