{"start_energy": -1091.260009765625, "end_energy": -1091.2352294921875}