{"start_energy": -1112.944580078125, "end_energy": -1113.0257568359375}