{"start_energy": -1174.7408447265625, "end_energy": -1177.1676025390625}