{"start_energy": -1134.830837662419, "end_energy": -1135.0451722711855}