{"start_energy": -1079.0172119140625, "end_energy": -1078.834228515625}