{"start_energy": -1172.9659423828125, "end_energy": -1173.0592041015625}