{"start_energy": -1078.1661376953125, "end_energy": -1078.25146484375}