{"start_energy": -1123.653883980505, "end_energy": -1122.478999809459}