{"start_energy": -1132.394465610072, "end_energy": -1122.1317284423244}