{"start_energy": -1094.9757080078125, "end_energy": -1095.082275390625}