{"start_energy": -1097.146240234375, "end_energy": -1097.3924560546875}