{"start_energy": -1111.96338153014, "end_energy": -1112.051899680939}