{"start_energy": -1094.9627685546875, "end_energy": -1094.8485107421875}