{"start_energy": -1129.9406705502706, "end_energy": -1119.2492285538883}