{"start_energy": -1077.910400390625, "end_energy": -1077.8861083984375}