{"start_energy": -1113.5450565362314, "end_energy": -1113.4695792142143}