{"start_energy": -1106.6123962402344, "end_energy": -1107.239387512207}