{"start_energy": -1112.5724050477284, "end_energy": -1111.6260367210618}