{"start_energy": -1078.183837890625, "end_energy": -1078.1046142578125}