{"start_energy": -1120.3065601671997, "end_energy": -1106.8179362530304}