{"start_energy": -1091.4774169921875, "end_energy": -1091.553955078125}