{"start_energy": -1117.1563262471466, "end_energy": -1117.2427397530241}