{"start_energy": -1090.2010498046875, "end_energy": -1090.138916015625}