{"start_energy": -1112.7775369841504, "end_energy": -1113.1492850135116}