{"start_energy": -1082.5556640625, "end_energy": -1082.5062255859375}