{"start_energy": -1136.0166776976753, "end_energy": -1135.5491042717838}