{"start_energy": -1118.3535492813912, "end_energy": -1117.8614523683598}