{"start_energy": -1118.6814301419558, "end_energy": -1117.3822895350054}