{"start_energy": -1109.7108154296875, "end_energy": -1109.8565673828125}