{"start_energy": -1113.2567701896164, "end_energy": -1113.1716934281799}