{"start_energy": -1117.7938247842428, "end_energy": -1117.867108522985}