{"start_energy": -1098.6597900390625, "end_energy": -1098.7303466796875}