{"start_energy": -1190.1695022603735, "end_energy": -1190.714074119428}