{"start_energy": -1077.885986328125, "end_energy": -1077.89013671875}