{"start_energy": -1108.9185791015625, "end_energy": -1108.8218994140625}