{"start_energy": -1131.6638582724718, "end_energy": -1131.268408256177}