{"start_energy": -1088.771484375, "end_energy": -1088.7344970703125}