{"start_energy": -1134.5463013563017, "end_energy": -1134.937981133955}