{"start_energy": -1139.418175548826, "end_energy": -1120.8585036675163}