{"start_energy": -1117.4538945206414, "end_energy": -1117.367911450955}