{"start_energy": -1130.202161808375, "end_energy": -1130.1553380448042}