{"start_energy": -1094.795166015625, "end_energy": -1094.80517578125}