{"start_energy": -1113.100413043772, "end_energy": -1113.2045204983267}