{"start_energy": -1094.2911376953125, "end_energy": -1094.303466796875}