{"start_energy": -1077.377685546875, "end_energy": -1077.366943359375}