{"start_energy": -1160.3003305267011, "end_energy": -1142.8411409585824}