{"start_energy": -1125.6900717664482, "end_energy": -1125.5056379169214}