{"start_energy": -1100.287353515625, "end_energy": -1100.0262451171875}