{"start_energy": -1133.011557099737, "end_energy": -1132.7199999268464}