{"start_energy": -1079.1669921875, "end_energy": -1078.993408203125}