{"start_energy": -1115.7082117115667, "end_energy": -1115.4734022010741}