{"start_energy": -1142.1302490234375, "end_energy": -1142.2117919921875}