{"start_energy": -1134.3295241084102, "end_energy": -1134.1558861064257}