{"start_energy": -1098.4600830078125, "end_energy": -1098.5660400390625}