{"start_energy": -1077.7293701171875, "end_energy": -1077.7509765625}