{"start_energy": -1123.0007685942662, "end_energy": -1123.6165254125983}