{"start_energy": -1121.780028020448, "end_energy": -1121.5983114907874}