{"start_energy": -1117.9134521484375, "end_energy": -1118.05615234375}