{"start_energy": -1096.7381591796875, "end_energy": -1096.6990966796875}