{"start_energy": -1110.2977294921875, "end_energy": -1110.2774658203125}