{"start_energy": -1134.0704483331845, "end_energy": -1134.100793461491}