{"start_energy": -1098.607177734375, "end_energy": -1098.5692138671875}