{"start_energy": -1112.5636955480911, "end_energy": -1112.7380041990748}