{"start_energy": -1083.244384765625, "end_energy": -1083.12646484375}