{"start_energy": -1117.5932566547183, "end_energy": -1117.9421621768129}