{"start_energy": -1100.2174072265625, "end_energy": -1100.1903076171875}