{"start_energy": -1135.329686877078, "end_energy": -1135.2691311194328}