{"start_energy": -1098.4600830078125, "end_energy": -1098.58935546875}