{"start_energy": -1112.7786865234375, "end_energy": -1112.7864990234375}