{"start_energy": -1199.207973049466, "end_energy": -1174.6304386570616}