{"start_energy": -1121.4129184327637, "end_energy": -1121.3444703957152}