{"start_energy": -1078.148681640625, "end_energy": -1078.1163330078125}