{"start_energy": -1112.507820794052, "end_energy": -1112.1670322533587}