{"start_energy": -1125.7834796177835, "end_energy": -1125.7923590172286}