{"start_energy": -1142.7686578820492, "end_energy": -1142.781925923267}