{"start_energy": -1104.6514892578125, "end_energy": -1104.7442626953125}