{"start_energy": -1141.636297235523, "end_energy": -1140.7660822037374}