{"start_energy": -1112.8345947265625, "end_energy": -1113.1868896484375}