{"start_energy": -1113.2274038651933, "end_energy": -1113.3588336562154}