{"start_energy": -1109.4576416015625, "end_energy": -1109.5938720703125}