{"start_energy": -1099.9786376953125, "end_energy": -1099.7347412109375}