{"start_energy": -1111.5032958984375, "end_energy": -1111.4617919921875}