{"start_energy": -1095.19091796875, "end_energy": -1095.1153564453125}