{"start_energy": -1100.024658203125, "end_energy": -1100.0897216796875}