{"start_energy": -1099.525634765625, "end_energy": -1099.6383056640625}