{"start_energy": -1083.133544921875, "end_energy": -1083.1107177734375}