{"start_energy": -1140.9268798828125, "end_energy": -1140.8309326171875}