{"start_energy": -1141.8844437591797, "end_energy": -1142.0853838162561}