{"start_energy": -1130.3860231580175, "end_energy": -1130.5821470750127}