{"start_energy": -1195.1648299888632, "end_energy": -1172.5882056913076}