{"start_energy": -1088.665283203125, "end_energy": -1088.6790771484375}