{"start_energy": -1137.2824910377517, "end_energy": -1122.1395713384456}