{"start_energy": -1133.833984375, "end_energy": -1133.936767578125}