{"start_energy": -1085.190673828125, "end_energy": -1085.2984619140625}