{"start_energy": -1115.920189373314, "end_energy": -1115.5159743087322}