{"start_energy": -1131.587158203125, "end_energy": -1131.616943359375}