{"start_energy": -1130.4098435829708, "end_energy": -1130.5783585898093}