{"start_energy": -1121.0318646492321, "end_energy": -1120.698641704798}