{"start_energy": -1124.4254944331724, "end_energy": -1123.8837669076333}