{"start_energy": -1124.0963222782082, "end_energy": -1123.4720201852952}