{"start_energy": -1137.85888671875, "end_energy": -1137.8265380859375}