{"start_energy": -1166.1403698332026, "end_energy": -1165.9102815927017}