{"start_energy": -9280.960543324689, "end_energy": -1135.8283322693312}