{"start_energy": -1077.889404296875, "end_energy": -1078.241455078125}