{"start_energy": -1137.8856201171875, "end_energy": -1137.856689453125}