{"start_energy": -1125.2603538965525, "end_energy": -1125.1401995363017}