{"start_energy": -1104.35107421875, "end_energy": -1104.393310546875}