{"start_energy": -1120.8741996033482, "end_energy": -1107.1187076203335}