{"start_energy": -1141.1995329787376, "end_energy": -1140.943873023149}