{"start_energy": -1106.2154541015625, "end_energy": -1106.2061767578125}