{"start_energy": -1072.7235107421875, "end_energy": -1072.732666015625}