{"start_energy": -1114.27628721358, "end_energy": -1114.8725586117584}