{"start_energy": -1117.8248195666408, "end_energy": -1103.9130267823457}