{"start_energy": -1118.1007631711855, "end_energy": -1118.1474600311167}