{"start_energy": -1098.8466796875, "end_energy": -1098.825927734375}