{"start_energy": -1123.9467350485622, "end_energy": -1123.6378051076995}