{"start_energy": -1090.3297119140625, "end_energy": -1090.1959228515625}