{"start_energy": -1135.034360040116, "end_energy": -1134.4602702110028}