{"start_energy": -1131.9801165244405, "end_energy": -1131.2841777083845}