{"start_energy": -1100.2808837890625, "end_energy": -1100.2744140625}