{"start_energy": -1136.9127929223644, "end_energy": -1136.7102687227907}