{"start_energy": -1135.4663700887209, "end_energy": -1120.6447706645122}