{"start_energy": -1127.19888652457, "end_energy": -1126.8237002654391}