{"start_energy": -1120.36962890625, "end_energy": -1120.2811279296875}