{"start_energy": -105199.258180046, "end_energy": -1122.0800671415425}