{"start_energy": -1136.1735590166863, "end_energy": -1135.7252123927256}