{"start_energy": -1126.8361767660472, "end_energy": -1127.0232751668664}