{"start_energy": -1122.752949843269, "end_energy": -1122.4331636022132}