{"start_energy": -1132.3897705078125, "end_energy": -1132.45458984375}