{"start_energy": -1130.875286851717, "end_energy": -1130.5121252195609}