{"start_energy": -1121.2839938917498, "end_energy": -1107.0170863370352}