{"start_energy": -1124.3562743973757, "end_energy": -1124.6522582266925}