{"start_energy": -1123.172154910309, "end_energy": -1112.4405326532574}