{"start_energy": -1123.7017983206986, "end_energy": -1123.5702180952728}