{"start_energy": -71325.20389634979, "end_energy": -1102.7736669360365}