{"start_energy": -1116.3522669704257, "end_energy": -1103.6775288525678}