{"start_energy": -1140.679443359375, "end_energy": -1140.8662109375}