{"start_energy": -1098.4619140625, "end_energy": -1098.577392578125}