{"start_energy": -1078.0662841796875, "end_energy": -1078.0928955078125}