{"start_energy": -1117.8486328125, "end_energy": -1117.8326416015625}