{"start_energy": -1199.639626196, "end_energy": -1174.5740402687456}