{"start_energy": -1123.5691478043748, "end_energy": -1123.8870325702262}