{"start_energy": -1090.3297119140625, "end_energy": -1090.2630615234375}