{"start_energy": -1110.542984012673, "end_energy": -1110.431857046733}