{"start_energy": -1120.495849609375, "end_energy": -1120.3341064453125}