{"start_energy": -1110.0598697954551, "end_energy": -1109.9725883013668}