{"start_energy": -1095.1533203125, "end_energy": -1095.129638671875}