{"start_energy": -1113.731689453125, "end_energy": -1113.6424560546875}