{"start_energy": -1113.829345703125, "end_energy": -1113.9669189453125}