{"start_energy": -1089.923583984375, "end_energy": -1089.9136962890625}