{"start_energy": -1120.2094854309719, "end_energy": -1119.8848845664522}