{"start_energy": -1127.0745490253353, "end_energy": -1127.245697946296}