{"start_energy": -1076.772705078125, "end_energy": -1077.0225830078125}