{"start_energy": -1123.421886564294, "end_energy": -1122.4332408388066}