{"start_energy": -1126.8254341474117, "end_energy": -1127.301672804656}