{"start_energy": -1099.924072265625, "end_energy": -1099.744873046875}