{"start_energy": -1142.850567984796, "end_energy": -1141.8925367541553}