{"start_energy": -1089.8687744140625, "end_energy": -1089.965087890625}