{"start_energy": -1136.85787908205, "end_energy": -1123.7122660544544}