{"start_energy": -1117.1396126764714, "end_energy": -1117.4273966142498}