{"start_energy": -1135.6349676116436, "end_energy": -1120.3791260851237}