{"start_energy": -1116.384033203125, "end_energy": -1116.6075439453125}