{"start_energy": -1125.0556695723042, "end_energy": -1124.605120259807}