{"start_energy": -1092.3868408203125, "end_energy": -1092.2662353515625}