{"start_energy": -1128.1091207130373, "end_energy": -1128.7835243663421}