{"start_energy": -1083.1607666015625, "end_energy": -1083.12353515625}