{"start_energy": -1119.3969013050403, "end_energy": -1106.1815626612733}