{"start_energy": -1120.6599720109793, "end_energy": -1105.3491265506848}