{"start_energy": -1080.470458984375, "end_energy": -1080.2940673828125}