{"start_energy": -1116.6790111732614, "end_energy": -1115.5036365291708}