{"start_energy": -1080.10107421875, "end_energy": -1080.153076171875}