{"start_energy": -1120.498291015625, "end_energy": -1120.5791015625}