{"start_energy": -1142.8347642165825, "end_energy": -1142.7050803070272}