{"start_energy": -1088.93896484375, "end_energy": -1089.249267578125}