{"start_energy": -1068.7052001953125, "end_energy": -1068.9708251953125}