{"start_energy": -1134.2360325905618, "end_energy": -1134.1826054534577}