{"start_energy": -1090.792236328125, "end_energy": -1090.8275146484375}