{"start_energy": -1117.8421223120997, "end_energy": -1117.7336144127005}