{"start_energy": -1130.716830246056, "end_energy": -1130.9562954959752}