{"start_energy": -1109.337646484375, "end_energy": -1109.3289794921875}