{"start_energy": -1113.6143798828125, "end_energy": -1113.7384033203125}