{"start_energy": -1113.2274038651933, "end_energy": -1113.700117152318}