{"start_energy": -1122.64498794676, "end_energy": -1122.9973730672796}