{"start_energy": -1147.1140012653523, "end_energy": -1147.4775873745014}