{"start_energy": -1110.2977294921875, "end_energy": -1110.357666015625}