{"start_energy": -1097.25537109375, "end_energy": -1097.2493896484375}