{"start_energy": -1136.1943033281993, "end_energy": -1135.561894338843}