{"start_energy": -1134.4019303164607, "end_energy": -1134.5413989231695}