{"start_energy": -1137.87744140625, "end_energy": -1137.8560791015625}