{"start_energy": -1135.3399885979868, "end_energy": -1135.8033679168802}