{"start_energy": -1124.1147500976988, "end_energy": -1124.3190894456018}