{"start_energy": -1124.574462890625, "end_energy": -1124.5877685546875}