{"start_energy": -1083.06689453125, "end_energy": -1083.1912841796875}