{"start_energy": -1073.9583549499512, "end_energy": -1074.018783569336}