{"start_energy": -1108.7188720703125, "end_energy": -1108.7999267578125}