{"start_energy": -1136.1735590166863, "end_energy": -1135.5745172943446}