{"start_energy": -1077.9090576171875, "end_energy": -1077.8997802734375}