{"start_energy": -1105.8258056640625, "end_energy": -1105.9366455078125}