{"start_energy": -1137.7847524663769, "end_energy": -1120.3940977442269}