{"start_energy": -1121.5630105835871, "end_energy": -1121.2742726903878}