{"start_energy": -1100.2513427734375, "end_energy": -1100.359375}