{"start_energy": -1113.6739385935957, "end_energy": -1112.9363245318082}