{"start_energy": -1123.5804353941785, "end_energy": -1123.2417618404297}