{"start_energy": -1134.3295241084102, "end_energy": -1133.9285478679624}