{"start_energy": -1110.542984012673, "end_energy": -1110.714578828338}