{"start_energy": -1109.576904296875, "end_energy": -1109.534912109375}