{"start_energy": -1123.8308379743603, "end_energy": -1123.892232387779}