{"start_energy": -1097.1634521484375, "end_energy": -1096.870849609375}