{"start_energy": -1117.1351767278643, "end_energy": -1117.2806836341065}