{"start_energy": -1136.1803053233587, "end_energy": -1136.0280084160454}