{"start_energy": -1114.6833233244483, "end_energy": -1104.3876533498135}