{"start_energy": -1123.1634090382688, "end_energy": -1123.6683670415084}