{"start_energy": -1135.9061936261198, "end_energy": -1134.9084958441347}