{"start_energy": -1134.3130526368116, "end_energy": -1134.3680425380026}