{"start_energy": -1154.5409784522176, "end_energy": -1154.6357498080122}