{"start_energy": -1099.924072265625, "end_energy": -1099.825927734375}