{"start_energy": -1136.2183062307702, "end_energy": -1135.8279619649034}