{"start_energy": -1137.849609375, "end_energy": -1137.8057861328125}