{"start_energy": -1187.4225339156585, "end_energy": -1186.7703755274983}