{"start_energy": -1123.8581684104604, "end_energy": -1123.67186983632}