{"start_energy": -1099.55224609375, "end_energy": -1099.519287109375}