{"start_energy": -1125.7187078737272, "end_energy": -1125.4723563843738}