{"start_energy": -1085.7431640625, "end_energy": -1085.786865234375}