{"start_energy": -1130.682861328125, "end_energy": -1130.69873046875}