{"start_energy": -1123.5392622617237, "end_energy": -1123.517890315098}