{"start_energy": -1137.9783935546875, "end_energy": -1137.8389892578125}