{"start_energy": -1139.635009765625, "end_energy": -1139.4097900390625}