{"start_energy": -1089.9169921875, "end_energy": -1089.720458984375}