{"start_energy": -1186.9630747210108, "end_energy": -1186.9428642398257}