{"start_energy": -1099.520751953125, "end_energy": -1099.5657958984375}