{"start_energy": -1079.9133529663086, "end_energy": -1079.7025032043457}