{"start_energy": -1110.0108877754387, "end_energy": -1109.188348877787}