{"start_energy": -1112.4270256444604, "end_energy": -1113.1018756816331}