{"start_energy": -1111.3707275390625, "end_energy": -1111.449951171875}