{"start_energy": -1133.495330626919, "end_energy": -1120.6046134350047}