{"start_energy": -1124.2030688509963, "end_energy": -1123.9481578376872}