{"start_energy": -1137.2824910377517, "end_energy": -1121.8058715642373}