{"start_energy": -1109.5355224609375, "end_energy": -1109.416015625}