{"start_energy": -1131.6972866870653, "end_energy": -1131.6338502041735}