{"start_energy": -1075.2349853515625, "end_energy": -1075.09765625}