{"start_energy": -1138.72021484375, "end_energy": -1138.6595458984375}