{"start_energy": -1111.3094482421875, "end_energy": -1111.276123046875}