{"start_energy": -1114.3694359320798, "end_energy": -1113.6995238301913}