{"start_energy": -1140.42724609375, "end_energy": -1140.439453125}