{"start_energy": -1142.145263671875, "end_energy": -1141.9447021484375}