{"start_energy": -1117.1396126764714, "end_energy": -1117.2452777646101}