{"start_energy": -1126.4173161516396, "end_energy": -1126.1710232717542}