{"start_energy": -1123.682312688096, "end_energy": -1123.6050855499595}