{"start_energy": -1124.1240588996, "end_energy": -1124.085549723049}