{"start_energy": -1155.2170514851082, "end_energy": -1139.4937553361674}