{"start_energy": -1124.8130218669392, "end_energy": -1125.1490403067594}