{"start_energy": -1111.3848876953125, "end_energy": -1111.353759765625}