{"start_energy": -1159.3203125, "end_energy": -1159.3084716796875}