{"start_energy": -1118.898010388395, "end_energy": -1118.6693556457942}