{"start_energy": -1137.8021240234375, "end_energy": -1137.8179931640625}