{"start_energy": -1135.9339149379869, "end_energy": -1136.096670193923}