{"start_energy": -1120.94301399778, "end_energy": -1119.866487273236}