{"start_energy": -1081.257568359375, "end_energy": -1081.118408203125}