{"start_energy": -1096.854736328125, "end_energy": -1096.8267822265625}