{"start_energy": -1123.5804353941785, "end_energy": -1123.7543021850533}