{"start_energy": -1113.2661607935063, "end_energy": -1113.3010090475843}