{"start_energy": -1140.3904446328795, "end_energy": -1140.8544775531207}