{"start_energy": -1077.896728515625, "end_energy": -1077.4041748046875}