{"start_energy": -1122.46931972299, "end_energy": -1106.139457101561}