{"start_energy": -1109.4107666015625, "end_energy": -1109.3740234375}