{"start_energy": -1166.3167181684016, "end_energy": -1166.4407310230808}