{"start_energy": -1088.6224365234375, "end_energy": -1088.6883544921875}