{"start_energy": -1077.8665771484375, "end_energy": -1077.7462158203125}