{"start_energy": -1078.15087890625, "end_energy": -1078.1004638671875}