{"start_energy": -1117.0397854208725, "end_energy": -1117.073254744997}