{"start_energy": -1089.993896484375, "end_energy": -1089.9443359375}