{"start_energy": -1132.752288843436, "end_energy": -1120.2102693788547}