{"start_energy": -1120.1417397612518, "end_energy": -1121.5230066791303}