{"start_energy": -1083.1092529296875, "end_energy": -1083.110107421875}