{"start_energy": -1116.8543701171875, "end_energy": -1116.5572509765625}