{"start_energy": -1140.679443359375, "end_energy": -1140.7633056640625}