{"start_energy": -1123.8276532309972, "end_energy": -1123.7466220460055}