{"start_energy": -1089.1234130859375, "end_energy": -1088.853271484375}