{"start_energy": -1117.9498291015625, "end_energy": -1117.8839111328125}