{"start_energy": -1083.95849609375, "end_energy": -1083.81201171875}