{"start_energy": -1139.8191010418632, "end_energy": -1139.611761678442}