{"start_energy": -1139.7344970703125, "end_energy": -1139.6044921875}