{"start_energy": -1081.257568359375, "end_energy": -1081.10546875}