{"start_energy": -1100.146240234375, "end_energy": -1100.046630859375}