{"start_energy": -1097.670654296875, "end_energy": -1097.743896484375}