{"start_energy": -1077.398681640625, "end_energy": -1077.5015869140625}