{"start_energy": -1139.0994873046875, "end_energy": -1138.9361572265625}