{"start_energy": -1146.8161317973709, "end_energy": -1146.7298295293253}