{"start_energy": -1133.6090643618488, "end_energy": -1133.3415565487294}