{"start_energy": -1074.0313720703125, "end_energy": -1073.9991455078125}