{"start_energy": -1134.709088649976, "end_energy": -1119.9824969866152}