{"start_energy": -1139.479134458689, "end_energy": -1123.908735015846}