{"start_energy": -1139.479134458689, "end_energy": -1124.99455845668}