{"start_energy": -1107.1531982421875, "end_energy": -1107.147216796875}