{"start_energy": -1128.1558407844955, "end_energy": -1128.0502754914264}