{"start_energy": -1132.752288843436, "end_energy": -1120.0550155323208}