{"start_energy": -1121.537711940331, "end_energy": -1120.313186362797}