{"start_energy": -1113.076012507982, "end_energy": -1113.2480306908808}