{"start_energy": -1130.202161808375, "end_energy": -1130.6341392624697}