{"start_energy": -1072.972900390625, "end_energy": -1072.9991455078125}