{"start_energy": -1073.3876953125, "end_energy": -1073.4420166015625}