{"start_energy": -1114.1009527970475, "end_energy": -1114.4258136999276}