{"start_energy": -1116.245142883277, "end_energy": -1115.94931870597}