{"start_energy": -1106.2967529296875, "end_energy": -1106.3277587890625}