{"start_energy": -1078.1497802734375, "end_energy": -1078.0960693359375}