{"start_energy": -1121.2416680591814, "end_energy": -1121.1629758497663}