{"start_energy": -1120.9430499459297, "end_energy": -1121.2316140466266}