{"start_energy": -1123.9043502880943, "end_energy": -1123.5470418308605}