{"start_energy": -1104.85302734375, "end_energy": -1104.8802490234375}