{"start_energy": -1089.8250732421875, "end_energy": -1089.943115234375}