{"start_energy": -1100.22705078125, "end_energy": -1100.253662109375}