{"start_energy": -1123.908077471576, "end_energy": -1123.0883082188632}