{"start_energy": -1089.993896484375, "end_energy": -1089.8270263671875}