{"start_energy": -1083.709228515625, "end_energy": -1083.821533203125}