{"start_energy": -1080.0565185546875, "end_energy": -1080.0948486328125}