{"start_energy": -1190.1422473811679, "end_energy": -1189.7167102324624}