{"start_energy": -1101.3330078125, "end_energy": -1101.3797607421875}