{"start_energy": -1114.4533181374354, "end_energy": -1103.468765129299}