{"start_energy": -1124.1614457950404, "end_energy": -1123.974698233205}