{"start_energy": -1132.5901811773422, "end_energy": -1131.901856684034}