{"start_energy": -1084.5548095703125, "end_energy": -1084.2640380859375}