{"start_energy": -1121.4129184327637, "end_energy": -1120.9066032392573}