{"start_energy": -1088.2374267578125, "end_energy": -1088.141845703125}