{"start_energy": -1157.1039241319497, "end_energy": -1156.8009022481795}