{"start_energy": -1116.405517578125, "end_energy": -1116.175048828125}