{"start_energy": -1100.01513671875, "end_energy": -1100.0858154296875}