{"start_energy": -1141.8844437591797, "end_energy": -1141.9157572563397}