{"start_energy": -1130.67724609375, "end_energy": -1130.7366943359375}