{"start_energy": -1101.62646484375, "end_energy": -1101.446533203125}