{"start_energy": -1107.2703857421875, "end_energy": -1107.2742919921875}