{"start_energy": -1123.9314947913433, "end_energy": -1123.7762209930622}