{"start_energy": -1112.4270256444604, "end_energy": -1112.7911337752278}