{"start_energy": -1137.9862060546875, "end_energy": -1138.407470703125}