{"start_energy": -1122.50827534848, "end_energy": -1121.485701873306}