{"start_energy": -1100.234619140625, "end_energy": -1100.2464599609375}