{"start_energy": -1131.769399039376, "end_energy": -1131.8786306552097}