{"start_energy": -9146.392490583326, "end_energy": -1122.2954484259872}