{"start_energy": -1111.4739990234375, "end_energy": -1111.459228515625}