{"start_energy": -1104.361572265625, "end_energy": -1104.539306640625}