{"start_energy": -1127.345539168112, "end_energy": -1127.1091825367907}