{"start_energy": -1129.3601007969967, "end_energy": -1111.8957112752976}