{"start_energy": -1195.2990792196783, "end_energy": -1172.3358479305598}