{"start_energy": -1104.3951416015625, "end_energy": -1104.2537841796875}