{"start_energy": -1089.908203125, "end_energy": -1089.801025390625}