{"start_energy": -1130.081976901555, "end_energy": -1129.7721695370303}