{"start_energy": -1104.352783203125, "end_energy": -1104.3421630859375}