{"start_energy": -1115.7720377489834, "end_energy": -1103.2331034939878}