{"start_energy": -1113.652587890625, "end_energy": -1113.63427734375}