{"start_energy": -1120.8741996033482, "end_energy": -1107.144940132681}