{"start_energy": -1132.45458984375, "end_energy": -1132.387451171875}