{"start_energy": -1116.3812826089606, "end_energy": -1116.3267902497719}