{"start_energy": -1138.9690677863464, "end_energy": -1123.7106470030387}