{"start_energy": -1105.888671875, "end_energy": -1105.8798828125}