{"start_energy": -1156.8614320313352, "end_energy": -1140.524505169173}