{"start_energy": -1116.454833984375, "end_energy": -1116.5714111328125}