{"start_energy": -1123.6667897780694, "end_energy": -1123.673667698013}