{"start_energy": -1088.8994140625, "end_energy": -1088.923583984375}