{"start_energy": -1116.6298828125, "end_energy": -1116.5126953125}