{"start_energy": -1075.9766845703125, "end_energy": -1076.21484375}