{"start_energy": -1093.6002197265625, "end_energy": -1093.439208984375}