{"start_energy": -1109.337646484375, "end_energy": -1109.3424072265625}