{"start_energy": -1132.0288501232728, "end_energy": -1132.9323008386796}