{"start_energy": -1099.525634765625, "end_energy": -1099.5224609375}