{"start_energy": -1097.1234130859375, "end_energy": -1097.096435546875}