{"start_energy": -1122.46931972299, "end_energy": -1105.9655668922865}