{"start_energy": -1096.96533203125, "end_energy": -1096.9210205078125}