{"start_energy": -1132.7994384765625, "end_energy": -1132.88916015625}