{"start_energy": -1116.7086181640625, "end_energy": -1116.6925048828125}