{"start_energy": -1120.173496142944, "end_energy": -1120.2265741839024}