{"start_energy": -1081.119140625, "end_energy": -1081.2138671875}