{"start_energy": -1124.8783435275186, "end_energy": -1124.4467760837213}