{"start_energy": -1135.3399885979868, "end_energy": -1134.9146806955246}