{"start_energy": -1090.193603515625, "end_energy": -1090.2491455078125}