{"start_energy": -1124.5836548706384, "end_energy": -1124.617100261973}