{"start_energy": -1092.288330078125, "end_energy": -1092.3736572265625}