{"start_energy": -1129.947282866789, "end_energy": -1129.7867846869392}