{"start_energy": -1109.5545654296875, "end_energy": -1109.42578125}