{"start_energy": -1142.01953125, "end_energy": -1142.069580078125}