{"start_energy": -1096.6766357421875, "end_energy": -1096.7652587890625}