{"start_energy": -1083.9345703125, "end_energy": -1083.9822998046875}