{"start_energy": -1117.4633238269055, "end_energy": -1116.07502389663}