{"start_energy": -1108.716796875, "end_energy": -1108.76123046875}