{"start_energy": -1095.1533203125, "end_energy": -1095.263671875}