{"start_energy": -1137.9141845703125, "end_energy": -1137.8265380859375}