{"start_energy": -1124.241253424386, "end_energy": -1124.4277539599104}