{"start_energy": -1127.345539168112, "end_energy": -1126.727183517583}