{"start_energy": -1142.145263671875, "end_energy": -1142.0145263671875}