{"start_energy": -1132.0288501232728, "end_energy": -1130.3247031355213}