{"start_energy": -1140.9268798828125, "end_energy": -1140.7227783203125}