{"start_energy": -1159.8275419766314, "end_energy": -1143.4342897392364}