{"start_energy": -1080.4835205078125, "end_energy": -1080.451904296875}