{"start_energy": -1113.4527444060345, "end_energy": -1113.6281039321207}