{"start_energy": -1077.70068359375, "end_energy": -1077.6826171875}