{"start_energy": -1132.0003518726105, "end_energy": -1131.954930979192}