{"start_energy": -1155.2170514851082, "end_energy": -1140.200537079326}