{"start_energy": -1126.506650259526, "end_energy": -1126.4757488930945}