{"start_energy": -1128.8256963820766, "end_energy": -1128.7529460945077}