{"start_energy": -1098.6639404296875, "end_energy": -1098.7318115234375}