{"start_energy": -1117.5932566547183, "end_energy": -1117.5646120353113}