{"start_energy": -1089.1234130859375, "end_energy": -1089.013427734375}