{"start_energy": -1100.337646484375, "end_energy": -1100.2366943359375}