{"start_energy": -1096.813720703125, "end_energy": -1096.7852783203125}