{"start_energy": -1097.3521728515625, "end_energy": -1097.1990966796875}