{"start_energy": -1142.5201033921708, "end_energy": -1142.778780161394}