{"start_energy": -1113.0634765625, "end_energy": -1112.923583984375}