{"start_energy": -1107.15087890625, "end_energy": -1107.248046875}