{"start_energy": -1108.920654296875, "end_energy": -1108.67041015625}