{"start_energy": -1113.198252506633, "end_energy": -1113.6041651348228}