{"start_energy": -1097.2237548828125, "end_energy": -1097.2032470703125}