{"start_energy": -1172.161376953125, "end_energy": -1172.48095703125}