{"start_energy": -1155.4625044246218, "end_energy": -1155.7108434184818}