{"start_energy": -1124.5127890768622, "end_energy": -1115.5332775235738}