{"start_energy": -1128.4869384765625, "end_energy": -1128.55126953125}