{"start_energy": -1124.1240588996, "end_energy": -1124.3809723001905}