{"start_energy": -1158.4669249727501, "end_energy": -1140.4605803821914}