{"start_energy": -1121.518977959174, "end_energy": -1122.3612714392048}