{"start_energy": -1137.1608498060348, "end_energy": -1135.7775919348794}