{"start_energy": -1118.9046847198447, "end_energy": -1118.4452331655439}