{"start_energy": -1118.5211135166824, "end_energy": -1117.394502503041}