{"start_energy": -1118.1493071529173, "end_energy": -1118.1611327575988}