{"start_energy": -1115.1842535976964, "end_energy": -1105.1222810632307}