{"start_energy": -1089.8311767578125, "end_energy": -1089.8155517578125}