{"start_energy": -1132.6389329202796, "end_energy": -1132.8685694785765}