{"start_energy": -1099.61865234375, "end_energy": -1099.59765625}