{"start_energy": -1129.2262605696822, "end_energy": -1129.0227908688305}