{"start_energy": -1101.9425048828125, "end_energy": -1101.668212890625}