{"start_energy": -1123.908077471576, "end_energy": -1123.5518279789303}