{"start_energy": -1137.1608498060348, "end_energy": -1137.1426756832705}