{"start_energy": -1123.682312688096, "end_energy": -1123.278032191362}