{"start_energy": -1081.38916015625, "end_energy": -1081.317138671875}