{"start_energy": -1120.8485543543009, "end_energy": -1120.8842856340707}