{"start_energy": -1188.4332394133971, "end_energy": -1187.849826334572}