{"start_energy": -1107.1507568359375, "end_energy": -1106.9581298828125}