{"start_energy": -1117.8009033203125, "end_energy": -1117.7373046875}