{"start_energy": -1188.6092988423184, "end_energy": -1188.6257430392857}