{"start_energy": -1155.343821225957, "end_energy": -1154.9428453836695}