{"start_energy": -1164.162939261088, "end_energy": -1164.3160508702845}