{"start_energy": -1097.2860107421875, "end_energy": -1097.10205078125}