{"start_energy": -1175.3348388671875, "end_energy": -1175.551025390625}