{"start_energy": -1109.7705078125, "end_energy": -1109.6917724609375}