{"start_energy": -1188.6092988423184, "end_energy": -1188.5529899423668}