{"start_energy": -1155.9579453604606, "end_energy": -1140.2921372056496}