{"start_energy": -1148.1928896111124, "end_energy": -1148.6296840881428}