{"start_energy": -1140.432509522106, "end_energy": -1120.7537777438333}