{"start_energy": -1104.352783203125, "end_energy": -1104.4638671875}