{"start_energy": -1113.3509000362126, "end_energy": -1113.2873535399287}