{"start_energy": -1105.888671875, "end_energy": -1105.7999267578125}