{"start_energy": -1084.57568359375, "end_energy": -1084.2706298828125}