{"start_energy": -1132.1961429655278, "end_energy": -1131.8455284106478}