{"start_energy": -1130.8383592561972, "end_energy": -1130.9115020695144}