{"start_energy": -1112.9847412109375, "end_energy": -1112.7813720703125}