{"start_energy": -1132.394465610072, "end_energy": -1121.4379024057607}