{"start_energy": -1139.196495581423, "end_energy": -1124.7639707548562}