{"start_energy": -1134.2360325905618, "end_energy": -1134.2727323520837}