{"start_energy": -1101.642822265625, "end_energy": -1101.8123779296875}