{"start_energy": -1140.42724609375, "end_energy": -1140.465576171875}