{"start_energy": -1140.911781787236, "end_energy": -1140.5927966622896}