{"start_energy": -1083.1990966796875, "end_energy": -1083.08544921875}