{"start_energy": -1113.9222753730105, "end_energy": -1113.5831528695787}