{"start_energy": -1132.39697265625, "end_energy": -1132.563232421875}