{"start_energy": -1077.947021484375, "end_energy": -1077.697509765625}