{"start_energy": -1195.1648299888632, "end_energy": -1171.8131232962546}