{"start_energy": -1133.3793828686064, "end_energy": -1133.3708023880774}