{"start_energy": -1081.2020263671875, "end_energy": -1081.22802734375}