{"start_energy": -1095.1044921875, "end_energy": -1095.039306640625}