{"start_energy": -1116.5343017578125, "end_energy": -1116.5172119140625}