{"start_energy": -1118.3227179992427, "end_energy": -1118.2058300814765}