{"start_energy": -1128.7679500084193, "end_energy": -1128.115467911912}