{"start_energy": -1083.709228515625, "end_energy": -1084.0611572265625}