{"start_energy": -1130.5421887890518, "end_energy": -1130.7737808665277}