{"start_energy": -1113.6739385935957, "end_energy": -1113.9939683140817}