{"start_energy": -1187.8631606511337, "end_energy": -1188.0095371501475}