{"start_energy": -1098.607177734375, "end_energy": -1098.4942626953125}