{"start_energy": -1131.9726396037522, "end_energy": -1122.0368555010532}