{"start_energy": -1084.2882080078125, "end_energy": -1084.42236328125}