{"start_energy": -1088.5657958984375, "end_energy": -1088.2935791015625}