{"start_energy": -1087.852207183838, "end_energy": -1087.8682899475098}