{"start_energy": -1118.3115001174667, "end_energy": -1118.1273083327087}