{"start_energy": -1146.6383600912689, "end_energy": -1145.4426806182476}