{"start_energy": -1124.8783435275186, "end_energy": -1125.026707981788}