{"start_energy": -1121.537711940331, "end_energy": -1121.4370798102589}