{"start_energy": -1166.3167181684016, "end_energy": -1165.9106064384314}