{"start_energy": -1112.6991959119364, "end_energy": -1112.571120631904}