{"start_energy": -1114.0612085317841, "end_energy": -1104.9118280006335}