{"start_energy": -1113.3509000362126, "end_energy": -1113.4006311379935}