{"start_energy": -1084.2559814453125, "end_energy": -1084.3846435546875}