{"start_energy": -1141.08514973951, "end_energy": -1141.3066561651935}