{"start_energy": -1188.7293130733042, "end_energy": -1188.2896422884814}