{"start_energy": -1123.421886564294, "end_energy": -1123.3790968445849}