{"start_energy": -1117.3943230019622, "end_energy": -1117.570002325903}