{"start_energy": -1142.1302490234375, "end_energy": -1141.8663330078125}