{"start_energy": -1142.0191005364732, "end_energy": -1141.5883540404589}