{"start_energy": -1124.2480374251863, "end_energy": -1123.8780094770782}