{"start_energy": -1072.972900390625, "end_energy": -1073.00634765625}