{"start_energy": -1131.3746532218045, "end_energy": -1132.4366674013424}