{"start_energy": -1117.3994952066405, "end_energy": -1117.6846542918279}