{"start_energy": -1144.2505689969014, "end_energy": -1143.975229010602}