{"start_energy": -1106.2967529296875, "end_energy": -1106.24169921875}