{"start_energy": -1078.1497802734375, "end_energy": -1078.147216796875}