{"start_energy": -1159.51318359375, "end_energy": -1159.7149658203125}