{"start_energy": -1111.3942718094213, "end_energy": -1111.585799018134}