{"start_energy": -1109.337646484375, "end_energy": -1109.440185546875}