{"start_energy": -1116.4383544921875, "end_energy": -1116.5498046875}