{"start_energy": -1126.5638587138187, "end_energy": -1116.4399318995404}