{"start_energy": -1123.172154910309, "end_energy": -1112.2976043255067}