{"start_energy": -1187.8631606511337, "end_energy": -1187.922247581231}