{"start_energy": -1188.3859398314034, "end_energy": -1187.9144729032496}