{"start_energy": -1103.0831298828125, "end_energy": -1102.9654541015625}