{"start_energy": -1142.0721435546875, "end_energy": -1142.1959228515625}