{"start_energy": -1111.326744299827, "end_energy": -1111.5065808481795}