{"start_energy": -1089.8311767578125, "end_energy": -1089.8643798828125}