{"start_energy": -1100.10546875, "end_energy": -1100.16845703125}