{"start_energy": -1129.7019140938248, "end_energy": -1129.8163762799477}