{"start_energy": -1121.3050001678369, "end_energy": -1121.2464564955458}