{"start_energy": -1089.973388671875, "end_energy": -1089.904541015625}