{"start_energy": -1097.18408203125, "end_energy": -1097.1982421875}