{"start_energy": -1128.480224609375, "end_energy": -1128.5230712890625}