{"start_energy": -1143.2138350154205, "end_energy": -1143.1581784403918}