{"start_energy": -1122.4430260203724, "end_energy": -1122.8693030544969}