{"start_energy": -1173.21533203125, "end_energy": -1173.074951171875}