{"start_energy": -9280.960543324689, "end_energy": -1136.2424227891966}