{"start_energy": -1116.49462890625, "end_energy": -1116.4683837890625}