{"start_energy": -1117.5142419455713, "end_energy": -1116.1009421441627}