{"start_energy": -1104.47119140625, "end_energy": -1104.433837890625}