{"start_energy": -1138.72021484375, "end_energy": -1138.7525634765625}