{"start_energy": -1130.7152099609375, "end_energy": -1130.646240234375}