{"start_energy": -1117.091007667156, "end_energy": -1116.6542138447064}