{"start_energy": -1100.440673828125, "end_energy": -1100.3170166015625}