{"start_energy": -1116.3812826089606, "end_energy": -1116.2755126997827}