{"start_energy": -1117.402949841762, "end_energy": -1116.965768774504}