{"start_energy": -1114.130552559431, "end_energy": -1103.0087572527568}