{"start_energy": -1088.5947265625, "end_energy": -1088.5909423828125}