{"start_energy": -1120.9332951051686, "end_energy": -1106.3373584680496}