{"start_energy": -1092.320068359375, "end_energy": -1092.3084716796875}