{"start_energy": -1095.3583984375, "end_energy": -1095.0284423828125}