{"start_energy": -1078.0751953125, "end_energy": -1078.0819091796875}