{"start_energy": -1116.6240748202947, "end_energy": -1117.0231903868314}