{"start_energy": -74886.1070315478, "end_energy": -1115.4947674062573}