{"start_energy": -1130.198054579347, "end_energy": -1117.7849587349274}