{"start_energy": -1126.978127379265, "end_energy": -1115.7640410133886}