{"start_energy": -1172.2210693359375, "end_energy": -1173.6778564453125}