{"start_energy": -1124.441806964038, "end_energy": -1124.6146205253162}