{"start_energy": -1116.2283935546875, "end_energy": -1116.2137451171875}