{"start_energy": -1129.947282866789, "end_energy": -1129.7390740426722}