{"start_energy": -1153.8121709514885, "end_energy": -1152.9805099276325}