{"start_energy": -1112.855224609375, "end_energy": -1112.9039306640625}