{"start_energy": -1125.054753067315, "end_energy": -1124.7756113334633}