{"start_energy": -1133.6090643618488, "end_energy": -1134.0159661973119}