{"start_energy": -1088.5263671875, "end_energy": -1088.6683349609375}