{"start_energy": -1143.1592832481883, "end_energy": -1143.353695992286}