{"start_energy": -1104.4324951171875, "end_energy": -1104.4124755859375}