{"start_energy": -1084.524658203125, "end_energy": -1084.642822265625}