{"start_energy": -1081.3223876953125, "end_energy": -1081.5086669921875}