{"start_energy": -1117.091007667156, "end_energy": -1117.4690089337266}