{"start_energy": -1100.31982421875, "end_energy": -1100.1942138671875}