{"start_energy": -1113.2661607935063, "end_energy": -1113.0746806791794}