{"start_energy": -1119.020674620665, "end_energy": -1118.4084524454663}