{"start_energy": -1126.9148299025105, "end_energy": -1127.0745491835041}