{"start_energy": -1155.3867040268526, "end_energy": -1155.6799650058683}