{"start_energy": -1135.4165791331402, "end_energy": -1134.6406128977244}