{"start_energy": -1123.7712893658497, "end_energy": -1123.912402664428}