{"start_energy": -1126.3193794577526, "end_energy": -1126.2705242560096}