{"start_energy": -1111.6712315060856, "end_energy": -1111.997350652509}