{"start_energy": -1118.2837422099565, "end_energy": -1118.347717160005}