{"start_energy": -1117.5265121454188, "end_energy": -1117.1360325797534}