{"start_energy": -1119.5092614027149, "end_energy": -1119.2059581309445}