{"start_energy": -1130.8446013721361, "end_energy": -1130.3501334418188}