{"start_energy": -1126.9763486650281, "end_energy": -1127.2367588461466}