{"start_energy": -6280.342966879896, "end_energy": -1112.2736347608568}