{"start_energy": -1135.1120810680354, "end_energy": -1135.062563007917}