{"start_energy": -1135.4621519342522, "end_energy": -1120.569547014644}