{"start_energy": -1116.8543701171875, "end_energy": -1116.6702880859375}