{"start_energy": -1154.8094749858624, "end_energy": -1154.572330780717}