{"start_energy": -1116.1659482260466, "end_energy": -1116.1481098218146}