{"start_energy": -1159.5797119140625, "end_energy": -1159.504150390625}