{"start_energy": -1126.3193794577526, "end_energy": -1125.700741701886}