{"start_energy": -1123.8308379743603, "end_energy": -1122.9820927205276}