{"start_energy": -1114.5860536297564, "end_energy": -1114.2160782942278}