{"start_energy": -1118.3535492813912, "end_energy": -1118.8560457671542}