{"start_energy": -1123.718826463051, "end_energy": -1123.6878959307264}