{"start_energy": -1107.034423828125, "end_energy": -1107.48876953125}