{"start_energy": -1140.6636962890625, "end_energy": -1140.7484130859375}