{"start_energy": -1113.4936530876676, "end_energy": -1113.1605641016567}