{"start_energy": -1121.0927695084995, "end_energy": -1107.6181914030096}