{"start_energy": -1115.3547359694865, "end_energy": -1114.1074160703079}