{"start_energy": -1093.6490478515625, "end_energy": -1093.913330078125}