{"start_energy": -1124.969360514432, "end_energy": -1125.2040243860022}