{"start_energy": -1139.52001953125, "end_energy": -1139.53271484375}