{"start_energy": -1097.2860107421875, "end_energy": -1097.056396484375}