{"start_energy": -1124.1762098411523, "end_energy": -1124.260903367894}