{"start_energy": -1090.373779296875, "end_energy": -1090.185546875}