{"start_energy": -1117.8609739501367, "end_energy": -1117.5646561837611}