{"start_energy": -1127.3106808479206, "end_energy": -1126.980822806269}