{"start_energy": -1115.7735289637117, "end_energy": -1115.6037964712955}