{"start_energy": -1159.5086669921875, "end_energy": -1159.5635986328125}