{"start_energy": -1139.5163495372888, "end_energy": -1125.1980013832597}