{"start_energy": -1095.1241455078125, "end_energy": -1095.1976318359375}