{"start_energy": -1116.2047119140625, "end_energy": -1116.2296142578125}