{"start_energy": -1111.735571978007, "end_energy": -1111.521662785744}