{"start_energy": -1080.05224609375, "end_energy": -1080.0836181640625}