{"start_energy": -1120.436279296875, "end_energy": -1120.3121337890625}