{"start_energy": -1117.0102687702836, "end_energy": -1116.8777761886613}