{"start_energy": -1109.7705078125, "end_energy": -1109.6939697265625}