{"start_energy": -1155.4625044246218, "end_energy": -1154.973984458581}