{"start_energy": -1118.559321637547, "end_energy": -1118.4537297373129}