{"start_energy": -1121.634008679362, "end_energy": -1121.5420231323365}