{"start_energy": -1096.697509765625, "end_energy": -1096.7288818359375}