{"start_energy": -1095.3583984375, "end_energy": -1095.3590087890625}