{"start_energy": -1131.8809814453125, "end_energy": -1131.9317626953125}