{"start_energy": -1112.631591796875, "end_energy": -1112.6114501953125}