{"start_energy": -1113.100413043772, "end_energy": -1113.0966347760861}