{"start_energy": -1130.43832404336, "end_energy": -1130.8050051769574}