{"start_energy": -1081.257568359375, "end_energy": -1081.231689453125}