{"start_energy": -1089.7874755859375, "end_energy": -1089.8865966796875}