{"start_energy": -1092.3868408203125, "end_energy": -1092.4932861328125}