{"start_energy": -1094.1114501953125, "end_energy": -1094.1844482421875}