{"start_energy": -1118.5088664011985, "end_energy": -1118.097446569833}