{"start_energy": -1118.5192086235722, "end_energy": -1118.1340013625565}