{"start_energy": -1127.0213754980407, "end_energy": -1127.0721382168144}