{"start_energy": -1147.9751252744766, "end_energy": -1148.2097845145329}