{"start_energy": -1094.2242431640625, "end_energy": -1094.397705078125}