{"start_energy": -1155.431884765625, "end_energy": -1155.3353271484375}