{"start_energy": -1126.9148299025105, "end_energy": -1125.1502879683082}