{"start_energy": -1125.7827488710473, "end_energy": -1125.1067089827545}