{"start_energy": -1084.543701171875, "end_energy": -1084.64501953125}