{"start_energy": -1117.9161721919754, "end_energy": -1117.9746487733541}