{"start_energy": -1129.3123334699585, "end_energy": -1129.6904824765852}