{"start_energy": -1117.2436012706453, "end_energy": -1117.2829262523962}