{"start_energy": -1132.3505859375, "end_energy": -1132.501708984375}