{"start_energy": -1153.8121709514885, "end_energy": -1152.8761523532921}