{"start_energy": -1098.5888671875, "end_energy": -1098.28173828125}