{"start_energy": -1098.6075439453125, "end_energy": -1098.5057373046875}