{"start_energy": -1139.4671630859375, "end_energy": -1139.5037841796875}