{"start_energy": -1130.7886962890625, "end_energy": -1130.6905517578125}