{"start_energy": -1095.123046875, "end_energy": -1095.49462890625}