{"start_energy": -1119.7723388671875, "end_energy": -1119.8184814453125}