{"start_energy": -1115.2270424109142, "end_energy": -1104.6492459671647}