{"start_energy": -1081.2657470703125, "end_energy": -1081.3221435546875}