{"start_energy": -1100.0244140625, "end_energy": -1100.0184326171875}