{"start_energy": -4929.943219119297, "end_energy": -1110.2819094603744}