{"start_energy": -1123.8503724425755, "end_energy": -1124.0162515447314}