{"start_energy": -1121.2839938917498, "end_energy": -1106.8975289687392}