{"start_energy": -6544.7434550799235, "end_energy": -1113.874779026753}