{"start_energy": -1131.5698114561696, "end_energy": -1131.9989373801045}