{"start_energy": -1072.7115478515625, "end_energy": -1072.70947265625}