{"start_energy": -1133.833984375, "end_energy": -1133.9136962890625}