{"start_energy": -1177.566650390625, "end_energy": -1177.389404296875}