{"start_energy": -1116.62158203125, "end_energy": -1116.4466552734375}