{"start_energy": -1117.7888132933356, "end_energy": -1103.775670509831}