{"start_energy": -1113.1598376198433, "end_energy": -1113.6502407186106}