{"start_energy": -1146.6383600912689, "end_energy": -1146.2751780004012}