{"start_energy": -1140.911781787236, "end_energy": -1141.0149209041138}