{"start_energy": -1098.1358642578125, "end_energy": -1098.0819091796875}