{"start_energy": -1113.2753416858975, "end_energy": -1112.089548406945}