{"start_energy": -1100.03125, "end_energy": -1100.0216064453125}