{"start_energy": -1130.582145966864, "end_energy": -1130.3266374778034}