{"start_energy": -1128.6285400390625, "end_energy": -1128.4918212890625}