{"start_energy": -74886.1070315478, "end_energy": -1115.6942578662702}