{"start_energy": -1089.8687744140625, "end_energy": -1089.9073486328125}