{"start_energy": -1115.1842535976964, "end_energy": -1104.4804414208743}