{"start_energy": -1139.4724402324273, "end_energy": -1124.6777657887774}