{"start_energy": -1089.8148193359375, "end_energy": -1089.8095703125}