{"start_energy": -1127.0800588634245, "end_energy": -1127.183416726273}