{"start_energy": -1117.6110925144164, "end_energy": -1117.8683029783379}