{"start_energy": -1107.1768798828125, "end_energy": -1107.3006591796875}