{"start_energy": -1130.7718624703116, "end_energy": -1130.9245357039472}