{"start_energy": -1122.64498794676, "end_energy": -1122.1404627545}