{"start_energy": -1147.952703670423, "end_energy": -1148.065632846251}