{"start_energy": -1087.37109375, "end_energy": -1087.3851318359375}