{"start_energy": -1105.7755126953125, "end_energy": -1105.8914794921875}