{"start_energy": -1131.1449605808764, "end_energy": -1130.9012249214}