{"start_energy": -1090.2010498046875, "end_energy": -1090.1475830078125}