{"start_energy": -1077.3695068359375, "end_energy": -1077.5521240234375}