{"start_energy": -1117.9121054783445, "end_energy": -1117.1402553323142}