{"start_energy": -1113.2770130548358, "end_energy": -1113.1671370547372}