{"start_energy": -71325.20389634979, "end_energy": -1102.640287419865}