{"start_energy": -1134.8106143482926, "end_energy": -1133.512778746021}