{"start_energy": -1088.153076171875, "end_energy": -1088.2369384765625}