{"start_energy": -1080.10107421875, "end_energy": -1080.0029296875}