{"start_energy": -1130.5421887890518, "end_energy": -1131.1991383429563}