{"start_energy": -1159.5185546875, "end_energy": -1159.448486328125}