{"start_energy": -1146.8161317973709, "end_energy": -1146.8296353475628}