{"start_energy": -1117.2463097989303, "end_energy": -1117.4630952113648}