{"start_energy": -1166.2626233875076, "end_energy": -1166.6345422231682}