{"start_energy": -1113.7672119140625, "end_energy": -1113.5350341796875}