{"start_energy": -1088.943359375, "end_energy": -1089.10693359375}