{"start_energy": -1130.6009521484375, "end_energy": -1130.562744140625}