{"start_energy": -1116.2881687256297, "end_energy": -1116.3951626665155}