{"start_energy": -1140.4796653514463, "end_energy": -1140.9762154000196}