{"start_energy": -1125.054753067315, "end_energy": -1125.8760808899005}