{"start_energy": -1100.31982421875, "end_energy": -1100.0384521484375}