{"start_energy": -1115.856201171875, "end_energy": -1115.86279296875}