{"start_energy": -1115.9825527297035, "end_energy": -1116.4385898059038}