{"start_energy": -1087.640869140625, "end_energy": -1087.457275390625}