{"start_energy": -1103.7974853515625, "end_energy": -1103.1978759765625}