{"start_energy": -1117.6040947526837, "end_energy": -1117.7097569491664}