{"start_energy": -1132.62744140625, "end_energy": -1132.6678466796875}