{"start_energy": -1199.639626196, "end_energy": -1175.6285435210082}