{"start_energy": -1121.5211490266556, "end_energy": -1121.5377111905589}