{"start_energy": -1164.5075030297494, "end_energy": -1164.2376324239656}