{"start_energy": -1130.3860231580175, "end_energy": -1130.4071323323124}