{"start_energy": -1087.5009765625, "end_energy": -1087.5418701171875}