{"start_energy": -1120.1417397612518, "end_energy": -1120.8246249168326}