{"start_energy": -1098.4935302734375, "end_energy": -1098.4996337890625}