{"start_energy": -1100.10791015625, "end_energy": -1100.0853271484375}