{"start_energy": -111320.15422811716, "end_energy": -1118.8204510537676}