{"start_energy": -1084.2882080078125, "end_energy": -1084.3760986328125}