{"start_energy": -1141.092064091452, "end_energy": -1141.4542449988262}