{"start_energy": -1160.3003305267011, "end_energy": -1143.3499505887232}