{"start_energy": -1155.9579453604606, "end_energy": -1139.4924471517404}