{"start_energy": -1117.1351767278643, "end_energy": -1116.9150354128114}