{"start_energy": -1188.5729869860643, "end_energy": -1187.977308598185}