{"start_energy": -1126.8361767660472, "end_energy": -1127.4423392763483}