{"start_energy": -1155.246337890625, "end_energy": -1155.1768798828125}