{"start_energy": -1120.9494149270472, "end_energy": -1120.8362721487981}