{"start_energy": -1120.8485543543009, "end_energy": -1121.4664505624446}