{"start_energy": -1122.1817905922405, "end_energy": -1122.1525617660348}