{"start_energy": -1112.679931640625, "end_energy": -1112.84228515625}