{"start_energy": -1129.7887151779214, "end_energy": -1129.9744459160659}