{"start_energy": -1080.05224609375, "end_energy": -1080.091796875}