{"start_energy": -1099.61865234375, "end_energy": -1099.6279296875}