{"start_energy": -1118.675578909515, "end_energy": -1118.7708305475744}