{"start_energy": -1123.1634090382688, "end_energy": -1123.323515314415}