{"start_energy": -1074.0626220703125, "end_energy": -1074.0411376953125}