{"start_energy": -1123.908077471576, "end_energy": -1123.0054544060774}