{"start_energy": -1099.55224609375, "end_energy": -1099.47265625}