{"start_energy": -1100.2738037109375, "end_energy": -1100.244140625}