{"start_energy": -1079.2646484375, "end_energy": -1079.134521484375}