{"start_energy": -1081.220947265625, "end_energy": -1081.5828857421875}