{"start_energy": -1096.678466796875, "end_energy": -1096.8389892578125}