{"start_energy": -1089.2186279296875, "end_energy": -1089.5162353515625}