{"start_energy": -1117.7999955172065, "end_energy": -1117.442143587141}