{"start_energy": -1121.7953384283098, "end_energy": -1122.1848808667903}