{"start_energy": -1100.736083984375, "end_energy": -1100.77197265625}