{"start_energy": -1137.4092391551249, "end_energy": -1123.5034346194138}