{"start_energy": -1114.130552559431, "end_energy": -1103.5151923977785}