{"start_energy": -1155.9579453604606, "end_energy": -1139.246397170799}