{"start_energy": -1130.682861328125, "end_energy": -1130.693603515625}