{"start_energy": -1118.4419794216697, "end_energy": -1118.2520126048325}