{"start_energy": -1129.7887151779214, "end_energy": -1129.7778281909495}