{"start_energy": -1100.03125, "end_energy": -1099.96826171875}