{"start_energy": -1117.9121054783445, "end_energy": -1116.9476965718413}