{"start_energy": -1099.5606689453125, "end_energy": -1099.5064697265625}