{"start_energy": -1098.69970703125, "end_energy": -1099.3582763671875}