{"start_energy": -1136.028007182908, "end_energy": -1136.1803064505132}