{"start_energy": -1090.154052734375, "end_energy": -1090.220947265625}