{"start_energy": -1095.62890625, "end_energy": -1095.611083984375}