{"start_energy": -1131.6638582724718, "end_energy": -1131.5327814126274}