{"start_energy": -1112.4713590560189, "end_energy": -1112.2844168241922}