{"start_energy": -1085.7431640625, "end_energy": -1085.7088623046875}