{"start_energy": -1110.589952083616, "end_energy": -1110.286058471734}