{"start_energy": -1123.2471844061738, "end_energy": -1123.8900840452372}