{"start_energy": -1101.62646484375, "end_energy": -1101.349853515625}