{"start_energy": -1171.910888671875, "end_energy": -1171.8299560546875}