{"start_energy": -1124.5127890768622, "end_energy": -1115.8781301138238}