{"start_energy": -1088.800048828125, "end_energy": -1089.085693359375}