{"start_energy": -1188.5898067484684, "end_energy": -1188.846352019171}