{"start_energy": -1072.783935546875, "end_energy": -1072.7777099609375}