{"start_energy": -1111.39697265625, "end_energy": -1111.4058837890625}