{"start_energy": -1118.5192086235722, "end_energy": -1118.7071720470965}