{"start_energy": -1100.2738037109375, "end_energy": -1100.2655029296875}