{"start_energy": -1107.667236328125, "end_energy": -1107.4102783203125}