{"start_energy": -1130.43832404336, "end_energy": -1129.8164651012046}