{"start_energy": -1126.6219841706402, "end_energy": -1115.8843325121322}