{"start_energy": -1097.623779296875, "end_energy": -1097.6834716796875}