{"start_energy": -1136.85787908205, "end_energy": -1123.9553757424862}