{"start_energy": -1113.9205948842343, "end_energy": -1113.993968387851}