{"start_energy": -1113.6739385935957, "end_energy": -1114.3546313815232}