{"start_energy": -1120.936421357182, "end_energy": -1121.2610136912122}