{"start_energy": -1124.4254944331724, "end_energy": -1124.0871278060026}