{"start_energy": -1113.367022418108, "end_energy": -1112.9999271886802}