{"start_energy": -1144.2505689969014, "end_energy": -1142.9924248203688}