{"start_energy": -1187.4225339156585, "end_energy": -1186.573981864748}