{"start_energy": -1083.709228515625, "end_energy": -1083.947509765625}