{"start_energy": -1081.3551025390625, "end_energy": -1081.3897705078125}