{"start_energy": -1130.6491425468064, "end_energy": -1130.5515671866985}