{"start_energy": -1137.87744140625, "end_energy": -1138.0009765625}