{"start_energy": -1123.653883980505, "end_energy": -1123.5083266623571}