{"start_energy": -1098.1650390625, "end_energy": -1098.1414794921875}