{"start_energy": -1157.1039241319497, "end_energy": -1156.9655941527324}