{"start_energy": -1083.84423828125, "end_energy": -1083.92724609375}