{"start_energy": -1099.5384521484375, "end_energy": -1099.62158203125}