{"start_energy": -1139.76123046875, "end_energy": -1139.7374267578125}