{"start_energy": -1114.3694359320798, "end_energy": -1114.1811719667166}