{"start_energy": -1116.4369657040163, "end_energy": -1116.2722447011383}