{"start_energy": -1110.0598697954551, "end_energy": -1110.6624357841167}