{"start_energy": -1135.9432332931603, "end_energy": -1123.192255238418}