{"start_energy": -1135.0578237236643, "end_energy": -1134.8286362646827}