{"start_energy": -1140.2537775370486, "end_energy": -1139.7822611173322}