{"start_energy": -1078.0660400390625, "end_energy": -1078.17236328125}