{"start_energy": -1155.3867040268526, "end_energy": -1155.2421127606235}