{"start_energy": -1078.813232421875, "end_energy": -1078.6903076171875}