{"start_energy": -1077.885986328125, "end_energy": -1077.8797607421875}