{"start_energy": -1077.757080078125, "end_energy": -1077.7244873046875}