{"start_energy": -1112.9882602921496, "end_energy": -1113.1024651452121}