{"start_energy": -1120.7505440573561, "end_energy": -1120.411494792243}