{"start_energy": -1141.7979736328125, "end_energy": -1141.279541015625}