{"start_energy": -1072.8812255859375, "end_energy": -1072.9287109375}