{"start_energy": -1120.7522772969085, "end_energy": -1107.251805602418}