{"start_energy": -1174.0721435546875, "end_energy": -1173.8546142578125}