{"start_energy": -1147.806416891507, "end_energy": -1148.181919728338}