{"start_energy": -1111.3941650390625, "end_energy": -1111.3272705078125}