{"start_energy": -1097.914794921875, "end_energy": -1097.716552734375}