{"start_energy": -1121.2416680591814, "end_energy": -1121.433156761016}