{"start_energy": -1156.1137934548478, "end_energy": -1139.617792727832}