{"start_energy": -1123.718826463051, "end_energy": -1123.850969210513}