{"start_energy": -1117.7899656719571, "end_energy": -1117.6333196731487}