{"start_energy": -1132.62744140625, "end_energy": -1132.8543701171875}