{"start_energy": -1080.2578125, "end_energy": -1080.3387451171875}