{"start_energy": -1077.702392578125, "end_energy": -1077.93701171875}