{"start_energy": -1111.6712315060856, "end_energy": -1111.9510702586867}