{"start_energy": -1128.561347474633, "end_energy": -1128.7876272344508}