{"start_energy": -1136.028007182908, "end_energy": -1135.6921515958231}