{"start_energy": -1118.3227179992427, "end_energy": -1118.1320655682455}