{"start_energy": -1101.5982666015625, "end_energy": -1101.55078125}