{"start_energy": -1083.06689453125, "end_energy": -1083.0780029296875}