{"start_energy": -1100.441650390625, "end_energy": -1099.984619140625}