{"start_energy": -1119.2681460752913, "end_energy": -1118.9746961144053}