{"start_energy": -1096.833251953125, "end_energy": -1096.7984619140625}