{"start_energy": -1081.350341796875, "end_energy": -1081.4320068359375}