{"start_energy": -1117.9134521484375, "end_energy": -1117.915771484375}