{"start_energy": -1139.4695400372664, "end_energy": -1139.6852995243723}