{"start_energy": -1126.6219841706402, "end_energy": -1116.4085320733298}