{"start_energy": -1188.9216596344202, "end_energy": -1188.5437360888552}