{"start_energy": -1115.7720377489834, "end_energy": -1104.116948405327}