{"start_energy": -1123.8943538540104, "end_energy": -1123.5306041370186}