{"start_energy": -1114.1322863836606, "end_energy": -1114.0456206180463}