{"start_energy": -1117.6140906713495, "end_energy": -1117.0577083320711}