{"start_energy": -1083.16943359375, "end_energy": -1083.21533203125}