{"start_energy": -1130.875286851717, "end_energy": -1130.9930284206985}