{"start_energy": -1081.5015869140625, "end_energy": -1081.2489013671875}