{"start_energy": -1090.182373046875, "end_energy": -1090.1669921875}