{"start_energy": -1156.1137934548478, "end_energy": -1140.0085420747273}