{"start_energy": -1100.287353515625, "end_energy": -1100.0162353515625}