{"start_energy": -1138.786787833151, "end_energy": -1123.5897908140944}