{"start_energy": -1115.9969419604731, "end_energy": -1116.0946554020256}