{"start_energy": -1103.591796875, "end_energy": -1103.7471923828125}