{"start_energy": -1099.7420654296875, "end_energy": -1099.564453125}