{"start_energy": -1130.7985983957633, "end_energy": -1130.7268925286533}