{"start_energy": -1129.7413336428572, "end_energy": -1129.3423745653554}