{"start_energy": -1147.96370666832, "end_energy": -1147.8551203918846}