{"start_energy": -1134.70290737607, "end_energy": -1134.8102840048248}