{"start_energy": -1096.8333740234375, "end_energy": -1096.8369140625}