{"start_energy": -1123.5967052858025, "end_energy": -1123.6973987804126}