{"start_energy": -1115.9969419604731, "end_energy": -1116.2977395235134}