{"start_energy": -1132.39697265625, "end_energy": -1132.495849609375}