{"start_energy": -1110.656828163504, "end_energy": -1110.711170974808}