{"start_energy": -1097.9761962890625, "end_energy": -1097.3681640625}