{"start_energy": -1091.4898681640625, "end_energy": -1091.5933837890625}