{"start_energy": -1073.9584732055664, "end_energy": -1074.0008087158203}