{"start_energy": -1097.25537109375, "end_energy": -1097.2288818359375}