{"start_energy": -1117.7944988180882, "end_energy": -1117.5824256489045}