{"start_energy": -1137.963455736854, "end_energy": -1138.2550692318841}