{"start_energy": -1101.55078125, "end_energy": -1101.5325927734375}