{"start_energy": -1098.76708984375, "end_energy": -1098.8560791015625}