{"start_energy": -1078.991943359375, "end_energy": -1079.111083984375}