{"start_energy": -1121.0607772537787, "end_energy": -1120.7486300368778}