{"start_energy": -1123.6437443542848, "end_energy": -1123.6823121512562}