{"start_energy": -1130.1069575512415, "end_energy": -1128.8274688088582}