{"start_energy": -1116.9371496254435, "end_energy": -1116.2948520968666}