{"start_energy": -1120.0543847970273, "end_energy": -1120.3919929402418}