{"start_energy": -1120.3065601671997, "end_energy": -1107.3305941089016}