{"start_energy": -1100.2501220703125, "end_energy": -1100.1585693359375}