{"start_energy": -1111.5762028972813, "end_energy": -1111.6570445738155}