{"start_energy": -1129.8735674253771, "end_energy": -1129.8319629576488}