{"start_energy": -1093.6490478515625, "end_energy": -1093.684326171875}