{"start_energy": -1072.88671875, "end_energy": -1072.8177490234375}