{"start_energy": -1130.6307013460985, "end_energy": -1130.0373169651316}