{"start_energy": -1097.18408203125, "end_energy": -1097.3206787109375}