{"start_energy": -1094.6878662109375, "end_energy": -1095.0118408203125}