{"start_energy": -1130.5940877474038, "end_energy": -1130.2733856652815}