{"start_energy": -1152.2628721870012, "end_energy": -1152.5000794738319}