{"start_energy": -1137.0352440809995, "end_energy": -1136.8088738680633}