{"start_energy": -1159.5185546875, "end_energy": -1159.4869384765625}