{"start_energy": -1110.542984012673, "end_energy": -1110.5525384437806}