{"start_energy": -1130.7603294911319, "end_energy": -1129.8324392847246}