{"start_energy": -1078.813232421875, "end_energy": -1078.8226318359375}