{"start_energy": -1114.1322863836606, "end_energy": -1113.7929323998903}