{"start_energy": -1098.59912109375, "end_energy": -1098.703369140625}