{"start_energy": -1133.8911355237587, "end_energy": -1133.8177397013353}