{"start_energy": -1087.501220703125, "end_energy": -1087.442626953125}