{"start_energy": -1108.874755859375, "end_energy": -1108.9119873046875}