{"start_energy": -1078.0850830078125, "end_energy": -1078.2989501953125}