{"start_energy": -1120.753190019696, "end_energy": -1120.692912874465}