{"start_energy": -1118.157450172108, "end_energy": -1118.3541145937718}