{"start_energy": -1130.6656494140625, "end_energy": -1130.6361083984375}