{"start_energy": -1095.19091796875, "end_energy": -1095.423095703125}