{"start_energy": -1117.091007667156, "end_energy": -1117.4619979766694}