{"start_energy": -1159.49951171875, "end_energy": -1159.517822265625}