{"start_energy": -1117.9312744140625, "end_energy": -1117.914794921875}