{"start_energy": -1117.7862548828125, "end_energy": -1118.007080078125}