{"start_energy": -1120.7119140625, "end_energy": -1120.6251220703125}