{"start_energy": -1123.4588034948492, "end_energy": -1121.861345104198}