{"start_energy": -1123.6367840438095, "end_energy": -1123.3756519199383}