{"start_energy": -1115.458254747763, "end_energy": -1115.3493970370757}