{"start_energy": -1133.043206557042, "end_energy": -1132.9939851297195}