{"start_energy": -1190.1422473811679, "end_energy": -1188.9958570399701}