{"start_energy": -1118.4996102492446, "end_energy": -1118.2728694214613}