{"start_energy": -1126.3193794577526, "end_energy": -1126.1153522514921}