{"start_energy": -1137.4092391551249, "end_energy": -1124.068856684139}