{"start_energy": -1166.5859217492193, "end_energy": -1166.45334356279}