{"start_energy": -1123.6882130242475, "end_energy": -1123.7263029469225}