{"start_energy": -1099.7305908203125, "end_energy": -1099.574951171875}