{"start_energy": -1078.2218017578125, "end_energy": -1078.02734375}