{"start_energy": -1139.76123046875, "end_energy": -1139.4835205078125}