{"start_energy": -1115.6471466359067, "end_energy": -1115.3227159601513}