{"start_energy": -1129.4301662233079, "end_energy": -1129.8819952400647}