{"start_energy": -1133.011557099737, "end_energy": -1133.2848862810129}