{"start_energy": -1077.4119873046875, "end_energy": -1078.022705078125}