{"start_energy": -1117.8754526312146, "end_energy": -1117.909509711596}