{"start_energy": -1137.9783935546875, "end_energy": -1137.9010009765625}