{"start_energy": -1121.537711940331, "end_energy": -1121.4764959051854}