{"start_energy": -1116.5343017578125, "end_energy": -1116.6080322265625}