{"start_energy": -1134.2566781509681, "end_energy": -1134.1588254547503}