{"start_energy": -1129.9983680414039, "end_energy": -1129.900630190662}