{"start_energy": -1098.1358642578125, "end_energy": -1098.3968505859375}