{"start_energy": -1075.9632568359375, "end_energy": -1076.0133056640625}