{"start_energy": -4315.873427326359, "end_energy": -1112.4159101740586}