{"start_energy": -1114.3489124916703, "end_energy": -1114.0442367519993}