{"start_energy": -1119.8689647170881, "end_energy": -1107.3781882108044}