{"start_energy": -1077.8665771484375, "end_energy": -1077.721923828125}