{"start_energy": -1128.7662181498652, "end_energy": -1128.7955354048854}