{"start_energy": -1121.7953384283098, "end_energy": -1121.5890069853783}