{"start_energy": -74886.1070315478, "end_energy": -1115.9845411866795}