{"start_energy": -1113.1598376198433, "end_energy": -1113.4194550835884}