{"start_energy": -1085.0164794921875, "end_energy": -1085.184326171875}