{"start_energy": -1119.418621962537, "end_energy": -1106.7671771142386}