{"start_energy": -1113.5571585529751, "end_energy": -1112.7688867975264}