{"start_energy": -1143.2947762876217, "end_energy": -1142.502700151479}