{"start_energy": -1105.730224609375, "end_energy": -1105.6234130859375}