{"start_energy": -1112.893310546875, "end_energy": -1112.862548828125}