{"start_energy": -1124.8454244916625, "end_energy": -1124.9390269854462}