{"start_energy": -1142.1302490234375, "end_energy": -1142.0137939453125}