{"start_energy": -1130.67724609375, "end_energy": -1130.7120361328125}