{"start_energy": -1083.1092529296875, "end_energy": -1083.2606201171875}