{"start_energy": -1128.5700882065062, "end_energy": -1128.6367088661789}