{"start_energy": -1117.570288835165, "end_energy": -1117.6426545154966}