{"start_energy": -1116.589639607051, "end_energy": -1117.000934897324}