{"start_energy": -1120.767757433524, "end_energy": -1107.312180530936}