{"start_energy": -1131.5690392037895, "end_energy": -1130.999188441384}