{"start_energy": -1119.2681460752913, "end_energy": -1119.252723158448}