{"start_energy": -1096.7130126953125, "end_energy": -1096.6968994140625}