{"start_energy": -1117.79345703125, "end_energy": -1117.7227783203125}