{"start_energy": -1126.9763486650281, "end_energy": -1125.3971796071753}