{"start_energy": -1120.8741996033482, "end_energy": -1106.9326477943312}