{"start_energy": -1108.7843017578125, "end_energy": -1108.730224609375}