{"start_energy": -1092.1728515625, "end_energy": -1092.0380859375}