{"start_energy": -1144.876950843913, "end_energy": -1143.887541624205}