{"start_energy": -1123.9736131424013, "end_energy": -1124.024066905943}