{"start_energy": -1124.5804987518436, "end_energy": -1123.1542782433785}