{"start_energy": -1117.2616247092903, "end_energy": -1117.2263735072288}