{"start_energy": -1175.3348388671875, "end_energy": -1175.3599853515625}