{"start_energy": -1077.22021484375, "end_energy": -1077.08349609375}