{"start_energy": -1117.2748929167303, "end_energy": -1116.890196315105}