{"start_energy": -1126.4721620598634, "end_energy": -1126.5500537763414}