{"start_energy": -1100.8609619140625, "end_energy": -1100.8260498046875}