{"start_energy": -1118.6258708802188, "end_energy": -1118.8922207681749}