{"start_energy": -1124.57763671875, "end_energy": -1124.5909423828125}