{"start_energy": -1099.6273193359375, "end_energy": -1099.53173828125}