{"start_energy": -1081.119140625, "end_energy": -1081.0760498046875}