{"start_energy": -1130.5645751953125, "end_energy": -1130.576171875}