{"start_energy": -1123.2471844061738, "end_energy": -1123.4899573835582}