{"start_energy": -1128.646713976519, "end_energy": -1116.3550641924512}