{"start_energy": -1081.3953857421875, "end_energy": -1081.318359375}