{"start_energy": -1139.541748046875, "end_energy": -1139.4036865234375}