{"start_energy": -1097.296142578125, "end_energy": -1097.2174072265625}