{"start_energy": -1135.1120810680354, "end_energy": -1134.9929291548574}