{"start_energy": -1077.896728515625, "end_energy": -1077.5345458984375}