{"start_energy": -1166.1403698332026, "end_energy": -1166.1906192050035}