{"start_energy": -1078.1854248046875, "end_energy": -1077.9783935546875}