{"start_energy": -1140.7934982323227, "end_energy": -1140.7097837603685}