{"start_energy": -1120.8638999541781, "end_energy": -1120.9092528845001}