{"start_energy": -1101.6070556640625, "end_energy": -1101.5975341796875}