{"start_energy": -1117.8267117446712, "end_energy": -1117.7241102867106}