{"start_energy": -1098.1463623046875, "end_energy": -1098.137939453125}