{"start_energy": -1117.9421621304252, "end_energy": -1117.8085439732051}