{"start_energy": -1098.50048828125, "end_energy": -1098.56640625}