{"start_energy": -1118.8365901768568, "end_energy": -1119.0436143206236}