{"start_energy": -1111.640096356686, "end_energy": -1111.422775882719}