{"start_energy": -1115.606025873785, "end_energy": -1114.51756855456}