{"start_energy": -1128.1558407844955, "end_energy": -1128.2443189572205}