{"start_energy": -1126.8361767660472, "end_energy": -1127.1871554956665}