{"start_energy": -1134.3509282596403, "end_energy": -1132.8613797127916}