{"start_energy": -1087.501220703125, "end_energy": -1087.43017578125}