{"start_energy": -1083.0614013671875, "end_energy": -1083.134765625}