{"start_energy": -1116.8447487088608, "end_energy": -1117.137051832352}