{"start_energy": -1120.6599720109793, "end_energy": -1106.0033388182499}