{"start_energy": -1143.1592832481883, "end_energy": -1143.0058564560609}