{"start_energy": -1099.7047119140625, "end_energy": -1099.7149658203125}