{"start_energy": -1141.6778670665183, "end_energy": -1141.683673395744}