{"start_energy": -1089.904052734375, "end_energy": -1089.951416015625}