{"start_energy": -1134.3509282596403, "end_energy": -1133.8262775415758}