{"start_energy": -1116.281500411202, "end_energy": -1116.5711203383967}