{"start_energy": -1091.21044921875, "end_energy": -1091.2337646484375}