{"start_energy": -1097.51171875, "end_energy": -1097.2237548828125}