{"start_energy": -1133.495330626919, "end_energy": -1119.8573272058832}