{"start_energy": -1136.1803053233587, "end_energy": -1135.5595592930617}