{"start_energy": -1123.7418914353514, "end_energy": -1123.5243303024179}