{"start_energy": -1140.4796653514463, "end_energy": -1140.7140458070678}