{"start_energy": -1082.996337890625, "end_energy": -1082.996826171875}