{"start_energy": -1117.7499279280144, "end_energy": -1117.7361172199494}