{"start_energy": -1118.3866774584037, "end_energy": -1107.017224612131}