{"start_energy": -1135.4165791331402, "end_energy": -1135.1823806381076}