{"start_energy": -1098.7572021484375, "end_energy": -1098.4559326171875}