{"start_energy": -1080.2568359375, "end_energy": -1080.24755859375}