{"start_energy": -1128.7679500084193, "end_energy": -1128.8694338050254}